{
    "university": { "short_name":"ХНУРЕ","full_name":"Харківський Національний Університет Радіоелектроніки","buildings":[ { "id":"а","short_name":"а","full_name":"корпус \"а\"","auditories":[ { "id":"3931027","short_name":"285","floor":"2","is_have_power":"1","auditory_types":[ { "id":"1684555","short_name":"ПІ" } ]}, { "id":"97","short_name":"287","floor":"2","is_have_power":"1","auditory_types":[ { "id":"20","short_name":"Каф_ВЦ" }, { "id":"1684555","short_name":"ПІ" } ]}, { "id":"15","short_name":"365","floor":"3","is_have_power":"1","auditory_types":[ { "id":"1684555","short_name":"ПІ" } ]}, { "id":"110","short_name":"366","floor":"3","is_have_power":"1","auditory_types":[ { "id":"12","short_name":"_ВСІ_ВЦ" }, { "id":"17","short_name":"ВЦ_Internet" }, { "id":"20","short_name":"Каф_ВЦ" } ]}, { "id":"1684556","short_name":"367","floor":"3","is_have_power":"1","auditory_types":[ { "id":"4355616","short_name":"ІНФ" } ]}, { "id":"111","short_name":"368б","floor":"3","is_have_power":"1","auditory_types":[ { "id":"21","short_name":"ІКІ" } ]}, { "id":"1850982","short_name":"374","floor":"3","is_have_power":"1","auditory_types":[ { "id":"21","short_name":"ІКІ" } ]}, { "id":"5953824","short_name":"381","floor":"3","is_have_power":"1","auditory_types":[ { "id":"5952016","short_name":"ФПО" } ]}, { "id":"1522472","short_name":"384","floor":"3","is_have_power":"1","auditory_types":[ { "id":"5952016","short_name":"ФПО" } ]}, { "id":"5953825","short_name":"385","floor":"3","is_have_power":"1","auditory_types":[ { "id":"5952016","short_name":"ФПО" } ]}, { "id":"1256425","short_name":"439","floor":"4","is_have_power":"1","auditory_types":[ { "id":"7495709","short_name":"Бібліотека" } ]}, { "id":"7495708","short_name":"442","floor":"4","is_have_power":"1","auditory_types":[ { "id":"7495709","short_name":"Бібліотека" } ]}, { "id":"7495714","short_name":"443","floor":"4","is_have_power":"1","auditory_types":[ { "id":"7495709","short_name":"Бібліотека" }, { "id":"6","short_name":"_ЛЕКЦІЙНІ_ВЕЛИКІ" } ]}, { "id":"147","short_name":"445а","floor":"4","is_have_power":"1","auditory_types":[ { "id":"24","short_name":"БМІ" } ]}, { "id":"148","short_name":"445в","floor":"4","is_have_power":"1","auditory_types":[ { "id":"24","short_name":"БМІ" } ]}, { "id":"123","short_name":"449","floor":"4","is_have_power":"1","auditory_types":[ { "id":"24","short_name":"БМІ" } ]}, { "id":"124","short_name":"451","floor":"4","is_have_power":"1","auditory_types":[ { "id":"24","short_name":"БМІ" } ]}, { "id":"1675428","short_name":"452а","floor":"4","is_have_power":"1","auditory_types":[ { "id":"12","short_name":"_ВСІ_ВЦ" }, { "id":"16","short_name":"ВЦ2" } ]}, { "id":"35","short_name":"452б","floor":"4","is_have_power":"1","auditory_types":[ { "id":"24","short_name":"БМІ" } ]}, { "id":"19","short_name":"453","floor":"4","is_have_power":"0","auditory_types":[ { "id":"24","short_name":"БМІ" } ]}, { "id":"125","short_name":"454","floor":"4","is_have_power":"1","auditory_types":[ { "id":"24","short_name":"БМІ" } ]}, { "id":"34","short_name":"455а","floor":"4","is_have_power":"1","auditory_types":[ { "id":"1684555","short_name":"ПІ" } ]}, { "id":"6230617","short_name":"455б","floor":"4","is_have_power":"1","auditory_types":[ ]} ]}, { "id":"б","short_name":"б","full_name":"корпус \"б\"","auditories":[ { "id":"80","short_name":"205","floor":"2","is_have_power":"1","auditory_types":[ { "id":"28","short_name":"ФОЕТ" } ]}, { "id":"81","short_name":"206","floor":"2","is_have_power":"1","auditory_types":[ { "id":"25","short_name":"МЕЕПП" } ]}, { "id":"82","short_name":"207","floor":"2","is_have_power":"1","auditory_types":[ { "id":"28","short_name":"ФОЕТ" } ]}, { "id":"83","short_name":"208","floor":"2","is_have_power":"1","auditory_types":[ { "id":"25","short_name":"МЕЕПП" } ]}, { "id":"84","short_name":"209","floor":"2","is_have_power":"1","auditory_types":[ { "id":"17","short_name":"ВЦ_Internet" }, { "id":"21","short_name":"ІКІ" }, { "id":"20","short_name":"Каф_ВЦ" } ]}, { "id":"85","short_name":"211","floor":"2","is_have_power":"1","auditory_types":[ { "id":"28","short_name":"ФОЕТ" } ]}, { "id":"99","short_name":"302","floor":"3","is_have_power":"1","auditory_types":[ { "id":"25","short_name":"МЕЕПП" } ]}, { "id":"100","short_name":"305","floor":"3","is_have_power":"1","auditory_types":[ { "id":"21","short_name":"ІКІ" } ]}, { "id":"101","short_name":"306","floor":"3","is_have_power":"1","auditory_types":[ { "id":"21","short_name":"ІКІ" }, { "id":"20","short_name":"Каф_ВЦ" } ]}, { "id":"1026904","short_name":"308","floor":"3","is_have_power":"1","auditory_types":[ { "id":"21","short_name":"ІКІ" } ]}, { "id":"102","short_name":"309","floor":"3","is_have_power":"1","auditory_types":[ { "id":"20","short_name":"Каф_ВЦ" }, { "id":"30","short_name":"РТІКС" } ]}, { "id":"1026538","short_name":"310","floor":"3","is_have_power":"1","auditory_types":[ { "id":"21","short_name":"ІКІ" } ]}, { "id":"103","short_name":"313","floor":"3","is_have_power":"1","auditory_types":[ ]}, { "id":"112","short_name":"402","floor":"4","is_have_power":"1","auditory_types":[ { "id":"2994019","short_name":"ІМІ" } ]}, { "id":"113","short_name":"406","floor":"4","is_have_power":"1","auditory_types":[ { "id":"13","short_name":"Фізики" } ]}, { "id":"17","short_name":"409","floor":"4","is_have_power":"1","auditory_types":[ { "id":"32","short_name":"КРіСТЗІ" } ]}, { "id":"114","short_name":"410","floor":"4","is_have_power":"1","auditory_types":[ { "id":"32","short_name":"КРіСТЗІ" } ]}, { "id":"144","short_name":"410б","floor":"4","is_have_power":"1","auditory_types":[ { "id":"20","short_name":"Каф_ВЦ" }, { "id":"32","short_name":"КРіСТЗІ" } ]}, { "id":"115","short_name":"411","floor":"4","is_have_power":"1","auditory_types":[ { "id":"32","short_name":"КРіСТЗІ" } ]}, { "id":"18","short_name":"413","floor":"4","is_have_power":"1","auditory_types":[ { "id":"30","short_name":"РТІКС" } ]} ]}, { "id":"в","short_name":"в","full_name":"корпус \"в\"","auditories":[ { "id":"200","short_name":"134","floor":"1","is_have_power":"1","auditory_types":[ ]}, { "id":"88","short_name":"233","floor":"2","is_have_power":"0","auditory_types":[ { "id":"3","short_name":"Ін Яз" } ]}, { "id":"89","short_name":"234","floor":"2","is_have_power":"0","auditory_types":[ { "id":"3","short_name":"Ін Яз" } ]}, { "id":"130","short_name":"235а","floor":"2","is_have_power":"0","auditory_types":[ { "id":"3","short_name":"Ін Яз" } ]}, { "id":"14","short_name":"237","floor":"2","is_have_power":"1","auditory_types":[ { "id":"33","short_name":"ОП" } ]}, { "id":"90","short_name":"247","floor":"2","is_have_power":"1","auditory_types":[ { "id":"33","short_name":"ОП" } ]}, { "id":"91","short_name":"249","floor":"2","is_have_power":"1","auditory_types":[ { "id":"33","short_name":"ОП" } ]}, { "id":"1684558","short_name":"323","floor":"3","is_have_power":"1","auditory_types":[ { "id":"4575891","short_name":"ЦТДН" } ]}, { "id":"106","short_name":"325","floor":"3","is_have_power":"1","auditory_types":[ { "id":"28","short_name":"ФОЕТ" } ]}, { "id":"6906035","short_name":"326філія","floor":"3","is_have_power":"1","auditory_types":[ { "id":"28","short_name":"ФОЕТ" } ]}, { "id":"3361739","short_name":"327","floor":"3","is_have_power":"1","auditory_types":[ { "id":"34","short_name":"ШІ" } ]}, { "id":"137","short_name":"327а","floor":"3","is_have_power":"1","auditory_types":[ { "id":"28","short_name":"ФОЕТ" } ]}, { "id":"107","short_name":"328","floor":"3","is_have_power":"1","auditory_types":[ { "id":"28","short_name":"ФОЕТ" } ]}, { "id":"13","short_name":"329","floor":"3","is_have_power":"1","auditory_types":[ { "id":"1","short_name":"__ВСІ ЗАГАЛЬНІ" }, { "id":"6","short_name":"_ЛЕКЦІЙНІ_ВЕЛИКІ" } ]}, { "id":"108","short_name":"331","floor":"3","is_have_power":"0","auditory_types":[ { "id":"3","short_name":"Ін Яз" }, { "id":"20","short_name":"Каф_ВЦ" } ]}, { "id":"109","short_name":"334","floor":"3","is_have_power":"0","auditory_types":[ { "id":"1","short_name":"__ВСІ ЗАГАЛЬНІ" }, { "id":"18","short_name":"_ЛЕКЦІЙНІ_60" }, { "id":"4575891","short_name":"ЦТДН" } ]}, { "id":"118","short_name":"419","floor":"4","is_have_power":"1","auditory_types":[ { "id":"13","short_name":"Фізики" } ]}, { "id":"119","short_name":"420","floor":"4","is_have_power":"1","auditory_types":[ { "id":"13","short_name":"Фізики" } ]}, { "id":"120","short_name":"422","floor":"4","is_have_power":"1","auditory_types":[ { "id":"4575891","short_name":"ЦТДН" } ]}, { "id":"4","short_name":"424","floor":"4","is_have_power":"1","auditory_types":[ { "id":"1","short_name":"__ВСІ ЗАГАЛЬНІ" }, { "id":"6","short_name":"_ЛЕКЦІЙНІ_ВЕЛИКІ" } ]}, { "id":"121","short_name":"427","floor":"4","is_have_power":"1","auditory_types":[ { "id":"13","short_name":"Фізики" } ]}, { "id":"122","short_name":"428","floor":"4","is_have_power":"1","auditory_types":[ { "id":"1","short_name":"__ВСІ ЗАГАЛЬНІ" }, { "id":"18","short_name":"_ЛЕКЦІЙНІ_60" }, { "id":"13","short_name":"Фізики" } ]} ]}, { "id":"г","short_name":"г","full_name":"корпус \"г\"","auditories":[ { "id":"5573655","short_name":"116","floor":"1","is_have_power":"1","auditory_types":[ { "id":"1684555","short_name":"ПІ" } ]}, { "id":"8","short_name":"140","floor":"1","is_have_power":"1","auditory_types":[ { "id":"1","short_name":"__ВСІ ЗАГАЛЬНІ" }, { "id":"6","short_name":"_ЛЕКЦІЙНІ_ВЕЛИКІ" } ]}, { "id":"75","short_name":"141","floor":"1","is_have_power":"1","auditory_types":[ { "id":"1","short_name":"__ВСІ ЗАГАЛЬНІ" }, { "id":"6","short_name":"_ЛЕКЦІЙНІ_ВЕЛИКІ" } ]}, { "id":"9","short_name":"145","floor":"1","is_have_power":"1","auditory_types":[ { "id":"1","short_name":"__ВСІ ЗАГАЛЬНІ" }, { "id":"4","short_name":"_ГРУПОВІ НАВЧАЛЬНІ" }, { "id":"15","short_name":"Групові_30" } ]}, { "id":"104","short_name":"147","floor":"1","is_have_power":"1","auditory_types":[ { "id":"1","short_name":"__ВСІ ЗАГАЛЬНІ" }, { "id":"4","short_name":"_ГРУПОВІ НАВЧАЛЬНІ" }, { "id":"15","short_name":"Групові_30" } ]}, { "id":"1493324","short_name":"336","floor":"3","is_have_power":"1","auditory_types":[ ]}, { "id":"194","short_name":"337","floor":"3","is_have_power":"1","auditory_types":[ { "id":"4080045","short_name":"СТ" } ]}, { "id":"1035519","short_name":"338","floor":"3","is_have_power":"0","auditory_types":[ { "id":"4575890","short_name":"АПОТ" } ]}, { "id":"2904809","short_name":"339","floor":"3","is_have_power":"1","auditory_types":[ { "id":"1684555","short_name":"ПІ" } ]}, { "id":"7","short_name":"340","floor":"3","is_have_power":"1","auditory_types":[ { "id":"19","short_name":"БІТ" } ]}, { "id":"139","short_name":"341","floor":"3","is_have_power":"0","auditory_types":[ { "id":"19","short_name":"БІТ" }, { "id":"20","short_name":"Каф_ВЦ" } ]}, { "id":"143","short_name":"345","floor":"3","is_have_power":"0","auditory_types":[ { "id":"19","short_name":"БІТ" } ]}, { "id":"6511511","short_name":"346","floor":"3","is_have_power":"1","auditory_types":[ { "id":"19","short_name":"БІТ" } ]}, { "id":"196","short_name":"350","floor":"3","is_have_power":"1","auditory_types":[ { "id":"1","short_name":"__ВСІ ЗАГАЛЬНІ" }, { "id":"7","short_name":"_ЛЕКЦІЙНІ_МАЛІ_49" }, { "id":"7657358","short_name":"СІ" } ]} ]}, { "id":"д","short_name":"д","full_name":"корпус \"д\"","auditories":[ { "id":"86","short_name":"229","floor":"2","is_have_power":"1","auditory_types":[ { "id":"20","short_name":"Каф_ВЦ" }, { "id":"7922119","short_name":"КІТС" } ]}, { "id":"87","short_name":"230","floor":"2","is_have_power":"1","auditory_types":[ { "id":"4355616","short_name":"ІНФ" }, { "id":"20","short_name":"Каф_ВЦ" } ]}, { "id":"186","short_name":"253","floor":"2","is_have_power":"1","auditory_types":[ { "id":"31","short_name":"ІУС" }, { "id":"20","short_name":"Каф_ВЦ" } ]}, { "id":"1030180","short_name":"318","floor":"3","is_have_power":"1","auditory_types":[ { "id":"4575890","short_name":"АПОТ" } ]}, { "id":"105","short_name":"320","floor":"3","is_have_power":"1","auditory_types":[ { "id":"4575890","short_name":"АПОТ" }, { "id":"20","short_name":"Каф_ВЦ" } ]}, { "id":"116","short_name":"414","floor":"4","is_have_power":"1","auditory_types":[ { "id":"32","short_name":"КРіСТЗІ" } ]}, { "id":"117","short_name":"415","floor":"4","is_have_power":"1","auditory_types":[ { "id":"20","short_name":"Каф_ВЦ" }, { "id":"32","short_name":"КРіСТЗІ" } ]} ]}, { "id":"другой","short_name":"другой","full_name":"корпус \"другой\"","auditories":[ { "id":"-4","short_name":"спорт","floor":"","is_have_power":"0","auditory_types":[ ]}, { "id":"-2","short_name":"спорт1","floor":"0","is_have_power":"0","auditory_types":[ ]}, { "id":"-3","short_name":"спорт2","floor":"0","is_have_power":"0","auditory_types":[ ]}, { "id":"37","short_name":"___1","floor":"4","is_have_power":"0","auditory_types":[ { "id":"15","short_name":"Групові_30" } ]}, { "id":"6591414","short_name":"__1","floor":"0","is_have_power":"0","auditory_types":[ ]}, { "id":"4334763","short_name":"149","floor":"1","is_have_power":"0","auditory_types":[ { "id":"1","short_name":"__ВСІ ЗАГАЛЬНІ" }, { "id":"4","short_name":"_ГРУПОВІ НАВЧАЛЬНІ" } ]}, { "id":"4076879","short_name":"150","floor":"1","is_have_power":"0","auditory_types":[ { "id":"1","short_name":"__ВСІ ЗАГАЛЬНІ" }, { "id":"4","short_name":"_ГРУПОВІ НАВЧАЛЬНІ" }, { "id":"15","short_name":"Групові_30" } ]}, { "id":"6242619","short_name":"269","floor":"2","is_have_power":"0","auditory_types":[ ]}, { "id":"22","short_name":"311","floor":"4","is_have_power":"0","auditory_types":[ { "id":"30","short_name":"РТІКС" } ]}, { "id":"3590366","short_name":"352","floor":"3","is_have_power":"0","auditory_types":[ ]}, { "id":"4995764","short_name":"404","floor":"4","is_have_power":"0","auditory_types":[ ]}, { "id":"6242620","short_name":"502","floor":"4","is_have_power":"0","auditory_types":[ ]} ]}, { "id":"е","short_name":"е","full_name":"корпус \"е\"","auditories":[ { "id":"76","short_name":"156-1","floor":"1","is_have_power":"1","auditory_types":[ { "id":"25","short_name":"МЕЕПП" } ]}, { "id":"77","short_name":"157","floor":"1","is_have_power":"0","auditory_types":[ ]}, { "id":"78","short_name":"158","floor":"1","is_have_power":"0","auditory_types":[ ]}, { "id":"79","short_name":"159","floor":"1","is_have_power":"1","auditory_types":[ { "id":"27","short_name":"КІТАМ" } ]}, { "id":"162","short_name":"160-1","floor":"1","is_have_power":"1","auditory_types":[ { "id":"27","short_name":"КІТАМ" } ]}, { "id":"161","short_name":"160-2","floor":"1","is_have_power":"1","auditory_types":[ { "id":"20","short_name":"Каф_ВЦ" }, { "id":"27","short_name":"КІТАМ" } ]}, { "id":"160","short_name":"162-1","floor":"1","is_have_power":"1","auditory_types":[ { "id":"20","short_name":"Каф_ВЦ" }, { "id":"27","short_name":"КІТАМ" } ]}, { "id":"163","short_name":"162-2","floor":"1","is_have_power":"1","auditory_types":[ { "id":"27","short_name":"КІТАМ" } ]}, { "id":"164","short_name":"162-3","floor":"1","is_have_power":"1","auditory_types":[ { "id":"27","short_name":"КІТАМ" } ]}, { "id":"1308236","short_name":"255","floor":"2","is_have_power":"1","auditory_types":[ { "id":"34","short_name":"ШІ" } ]}, { "id":"92","short_name":"257","floor":"2","is_have_power":"1","auditory_types":[ { "id":"20","short_name":"Каф_ВЦ" }, { "id":"34","short_name":"ШІ" } ]}, { "id":"93","short_name":"258","floor":"2","is_have_power":"1","auditory_types":[ { "id":"34","short_name":"ШІ" } ]}, { "id":"94","short_name":"259","floor":"2","is_have_power":"1","auditory_types":[ { "id":"31","short_name":"ІУС" } ]}, { "id":"95","short_name":"260","floor":"2","is_have_power":"1","auditory_types":[ { "id":"31","short_name":"ІУС" }, { "id":"20","short_name":"Каф_ВЦ" } ]}, { "id":"191","short_name":"260а","floor":"2","is_have_power":"0","auditory_types":[ { "id":"31","short_name":"ІУС" } ]}, { "id":"96","short_name":"264","floor":"2","is_have_power":"1","auditory_types":[ { "id":"20","short_name":"Каф_ВЦ" }, { "id":"4080045","short_name":"СТ" } ]}, { "id":"8035667","short_name":"265","floor":"2","is_have_power":"1","auditory_types":[ { "id":"4080045","short_name":"СТ" } ]}, { "id":"4034843","short_name":"389в","floor":"3","is_have_power":"1","auditory_types":[ { "id":"4080045","short_name":"СТ" } ]} ]}, { "id":"ж","short_name":"ж","full_name":"корпус \"ж\"","auditories":[ { "id":"98","short_name":"301","floor":"3","is_have_power":"1","auditory_types":[ { "id":"21","short_name":"ІКІ" }, { "id":"20","short_name":"Каф_ВЦ" } ]}, { "id":"28","short_name":"301а","floor":"3","is_have_power":"1","auditory_types":[ { "id":"21","short_name":"ІКІ" } ]}, { "id":"29","short_name":"301б","floor":"3","is_have_power":"1","auditory_types":[ { "id":"1","short_name":"__ВСІ ЗАГАЛЬНІ" }, { "id":"21","short_name":"ІКІ" }, { "id":"6","short_name":"_ЛЕКЦІЙНІ_ВЕЛИКІ" } ]}, { "id":"7314752","short_name":"401","floor":"4","is_have_power":"1","auditory_types":[ { "id":"2994019","short_name":"ІМІ" } ]}, { "id":"141","short_name":"401а","floor":"4","is_have_power":"1","auditory_types":[ { "id":"2994019","short_name":"ІМІ" }, { "id":"20","short_name":"Каф_ВЦ" } ]}, { "id":"142","short_name":"401б","floor":"4","is_have_power":"1","auditory_types":[ { "id":"2994019","short_name":"ІМІ" } ]}, { "id":"140","short_name":"401е","floor":"4","is_have_power":"1","auditory_types":[ { "id":"2994019","short_name":"ІМІ" }, { "id":"20","short_name":"Каф_ВЦ" } ]} ]}, { "id":"з","short_name":"з","full_name":"корпус \"з\"","auditories":[ { "id":"7179387","short_name":"20з","floor":"2","is_have_power":"1","auditory_types":[ { "id":"22","short_name":"МТЕ" } ]}, { "id":"127","short_name":"21з","floor":"3","is_have_power":"0","auditory_types":[ { "id":"21","short_name":"ІКІ" } ]}, { "id":"128","short_name":"22з","floor":"3","is_have_power":"1","auditory_types":[ { "id":"22","short_name":"МТЕ" } ]}, { "id":"129","short_name":"23з","floor":"3","is_have_power":"1","auditory_types":[ { "id":"21","short_name":"ІКІ" } ]}, { "id":"25","short_name":"24з","floor":"3","is_have_power":"1","auditory_types":[ { "id":"21","short_name":"ІКІ" } ]}, { "id":"26","short_name":"25з","floor":"3","is_have_power":"1","auditory_types":[ { "id":"24","short_name":"БМІ" } ]}, { "id":"49","short_name":"26аз","floor":"3","is_have_power":"1","auditory_types":[ { "id":"6276917","short_name":"ПМ" } ]}, { "id":"132","short_name":"27з","floor":"3","is_have_power":"1","auditory_types":[ { "id":"20","short_name":"Каф_ВЦ" }, { "id":"6276917","short_name":"ПМ" } ]}, { "id":"27","short_name":"28з","floor":"3","is_have_power":"0","auditory_types":[ { "id":"2357820","short_name":"ЦНСІМ" } ]}, { "id":"155","short_name":"30з","floor":"3","is_have_power":"1","auditory_types":[ { "id":"2357820","short_name":"ЦНСІМ" } ]}, { "id":"134","short_name":"31з","floor":"3","is_have_power":"1","auditory_types":[ { "id":"29","short_name":"МІРЕС" } ]}, { "id":"136","short_name":"32з","floor":"4","is_have_power":"1","auditory_types":[ { "id":"10","short_name":"ЕОМ" }, { "id":"20","short_name":"Каф_ВЦ" } ]}, { "id":"3677458","short_name":"33з","floor":"4","is_have_power":"1","auditory_types":[ { "id":"10","short_name":"ЕОМ" } ]}, { "id":"173","short_name":"34з","floor":"4","is_have_power":"1","auditory_types":[ { "id":"10","short_name":"ЕОМ" }, { "id":"20","short_name":"Каф_ВЦ" } ]}, { "id":"62","short_name":"36аз","floor":"4","is_have_power":"1","auditory_types":[ { "id":"15","short_name":"Групові_30" } ]}, { "id":"30","short_name":"36з","floor":"4","is_have_power":"1","auditory_types":[ { "id":"1","short_name":"__ВСІ ЗАГАЛЬНІ" }, { "id":"18","short_name":"_ЛЕКЦІЙНІ_60" } ]}, { "id":"197","short_name":"37з","floor":"4","is_have_power":"1","auditory_types":[ { "id":"10","short_name":"ЕОМ" }, { "id":"20","short_name":"Каф_ВЦ" } ]}, { "id":"31","short_name":"38з","floor":"4","is_have_power":"1","auditory_types":[ ]}, { "id":"138","short_name":"39з","floor":"4","is_have_power":"1","auditory_types":[ { "id":"10","short_name":"ЕОМ" }, { "id":"20","short_name":"Каф_ВЦ" } ]}, { "id":"32","short_name":"40з","floor":"4","is_have_power":"1","auditory_types":[ { "id":"7434126","short_name":"МТС" } ]}, { "id":"33","short_name":"42з","floor":"4","is_have_power":"1","auditory_types":[ { "id":"15","short_name":"Групові_30" }, { "id":"7434126","short_name":"МТС" } ]}, { "id":"145","short_name":"43з","floor":"5","is_have_power":"1","auditory_types":[ ]}, { "id":"146","short_name":"44з","floor":"5","is_have_power":"1","auditory_types":[ { "id":"29","short_name":"МІРЕС" } ]}, { "id":"1678653","short_name":"45з","floor":"5","is_have_power":"1","auditory_types":[ { "id":"29","short_name":"МІРЕС" } ]}, { "id":"149","short_name":"46з","floor":"5","is_have_power":"1","auditory_types":[ { "id":"29","short_name":"МІРЕС" } ]}, { "id":"5569947","short_name":"47з","floor":"4","is_have_power":"1","auditory_types":[ { "id":"29","short_name":"МІРЕС" } ]}, { "id":"153","short_name":"51з","floor":"5","is_have_power":"1","auditory_types":[ { "id":"22","short_name":"МТЕ" } ]}, { "id":"152","short_name":"54з","floor":"5","is_have_power":"1","auditory_types":[ { "id":"1","short_name":"__ВСІ ЗАГАЛЬНІ" }, { "id":"18","short_name":"_ЛЕКЦІЙНІ_60" }, { "id":"29","short_name":"МІРЕС" }, { "id":"22","short_name":"МТЕ" } ]}, { "id":"151","short_name":"55з","floor":"5","is_have_power":"1","auditory_types":[ { "id":"22","short_name":"МТЕ" } ]}, { "id":"6624260","short_name":"55/1з","floor":"5","is_have_power":"1","auditory_types":[ { "id":"22","short_name":"МТЕ" } ]} ]}, { "id":"і","short_name":"і","full_name":"корпус \"і\"","auditories":[ { "id":"38","short_name":"102и","floor":"1","is_have_power":"1","auditory_types":[ { "id":"1","short_name":"__ВСІ ЗАГАЛЬНІ" }, { "id":"6","short_name":"_ЛЕКЦІЙНІ_ВЕЛИКІ" } ]}, { "id":"39","short_name":"103и","floor":"1","is_have_power":"1","auditory_types":[ { "id":"1","short_name":"__ВСІ ЗАГАЛЬНІ" }, { "id":"6","short_name":"_ЛЕКЦІЙНІ_ВЕЛИКІ" } ]}, { "id":"40","short_name":"104и","floor":"1","is_have_power":"1","auditory_types":[ { "id":"1","short_name":"__ВСІ ЗАГАЛЬНІ" }, { "id":"6","short_name":"_ЛЕКЦІЙНІ_ВЕЛИКІ" } ]}, { "id":"41","short_name":"106и","floor":"1","is_have_power":"1","auditory_types":[ { "id":"1","short_name":"__ВСІ ЗАГАЛЬНІ" }, { "id":"6","short_name":"_ЛЕКЦІЙНІ_ВЕЛИКІ" } ]}, { "id":"154","short_name":"107и","floor":"1","is_have_power":"","auditory_types":[ { "id":"29","short_name":"МІРЕС" } ]}, { "id":"6913885","short_name":"113.1и","floor":"0","is_have_power":"1","auditory_types":[ ]}, { "id":"7236298","short_name":"113.2и","floor":"0","is_have_power":"1","auditory_types":[ ]}, { "id":"6518131","short_name":"114и","floor":"0","is_have_power":"0","auditory_types":[ { "id":"1684555","short_name":"ПІ" } ]}, { "id":"42","short_name":"201и","floor":"2","is_have_power":"1","auditory_types":[ { "id":"7456488","short_name":"ЕК" } ]}, { "id":"171","short_name":"202и","floor":"2","is_have_power":"1","auditory_types":[ { "id":"7456488","short_name":"ЕК" }, { "id":"20","short_name":"Каф_ВЦ" } ]}, { "id":"4023447","short_name":"204и ","floor":"2","is_have_power":"0","auditory_types":[ ]}, { "id":"43","short_name":"205и","floor":"2","is_have_power":"","auditory_types":[ { "id":"1","short_name":"__ВСІ ЗАГАЛЬНІ" }, { "id":"4","short_name":"_ГРУПОВІ НАВЧАЛЬНІ" }, { "id":"15","short_name":"Групові_30" } ]}, { "id":"44","short_name":"206и","floor":"2","is_have_power":"1","auditory_types":[ { "id":"1","short_name":"__ВСІ ЗАГАЛЬНІ" }, { "id":"7","short_name":"_ЛЕКЦІЙНІ_МАЛІ_49" } ]}, { "id":"45","short_name":"207и","floor":"2","is_have_power":"0","auditory_types":[ { "id":"1","short_name":"__ВСІ ЗАГАЛЬНІ" }, { "id":"7","short_name":"_ЛЕКЦІЙНІ_МАЛІ_49" } ]}, { "id":"46","short_name":"208и","floor":"2","is_have_power":"1","auditory_types":[ { "id":"1","short_name":"__ВСІ ЗАГАЛЬНІ" }, { "id":"7","short_name":"_ЛЕКЦІЙНІ_МАЛІ_49" } ]}, { "id":"47","short_name":"209и","floor":"2","is_have_power":"0","auditory_types":[ { "id":"1","short_name":"__ВСІ ЗАГАЛЬНІ" }, { "id":"7","short_name":"_ЛЕКЦІЙНІ_МАЛІ_49" } ]}, { "id":"48","short_name":"210и","floor":"2","is_have_power":"1","auditory_types":[ { "id":"1","short_name":"__ВСІ ЗАГАЛЬНІ" }, { "id":"4","short_name":"_ГРУПОВІ НАВЧАЛЬНІ" } ]}, { "id":"7595594","short_name":"301и","floor":"3","is_have_power":"1","auditory_types":[ { "id":"4575890","short_name":"АПОТ" } ]}, { "id":"51","short_name":"302и","floor":"3","is_have_power":"0","auditory_types":[ { "id":"1","short_name":"__ВСІ ЗАГАЛЬНІ" }, { "id":"4","short_name":"_ГРУПОВІ НАВЧАЛЬНІ" } ]}, { "id":"52","short_name":"304и","floor":"3","is_have_power":"0","auditory_types":[ { "id":"1","short_name":"__ВСІ ЗАГАЛЬНІ" }, { "id":"4","short_name":"_ГРУПОВІ НАВЧАЛЬНІ" } ]}, { "id":"53","short_name":"306и","floor":"3","is_have_power":"0","auditory_types":[ { "id":"1","short_name":"__ВСІ ЗАГАЛЬНІ" }, { "id":"4","short_name":"_ГРУПОВІ НАВЧАЛЬНІ" } ]}, { "id":"54","short_name":"307и","floor":"3","is_have_power":"0","auditory_types":[ { "id":"1","short_name":"__ВСІ ЗАГАЛЬНІ" }, { "id":"4","short_name":"_ГРУПОВІ НАВЧАЛЬНІ" } ]}, { "id":"55","short_name":"308и","floor":"3","is_have_power":"1","auditory_types":[ { "id":"1","short_name":"__ВСІ ЗАГАЛЬНІ" }, { "id":"7","short_name":"_ЛЕКЦІЙНІ_МАЛІ_49" } ]}, { "id":"56","short_name":"309и","floor":"3","is_have_power":"0","auditory_types":[ { "id":"1","short_name":"__ВСІ ЗАГАЛЬНІ" }, { "id":"4","short_name":"_ГРУПОВІ НАВЧАЛЬНІ" } ]}, { "id":"57","short_name":"310и","floor":"3","is_have_power":"1","auditory_types":[ { "id":"1","short_name":"__ВСІ ЗАГАЛЬНІ" }, { "id":"4","short_name":"_ГРУПОВІ НАВЧАЛЬНІ" }, { "id":"7","short_name":"_ЛЕКЦІЙНІ_МАЛІ_49" } ]}, { "id":"58","short_name":"311и","floor":"3","is_have_power":"1","auditory_types":[ { "id":"1","short_name":"__ВСІ ЗАГАЛЬНІ" }, { "id":"4","short_name":"_ГРУПОВІ НАВЧАЛЬНІ" } ]}, { "id":"59","short_name":"312и","floor":"3","is_have_power":"1","auditory_types":[ { "id":"1674245","short_name":"ВМ" } ]}, { "id":"60","short_name":"313и","floor":"3","is_have_power":"1","auditory_types":[ { "id":"1","short_name":"__ВСІ ЗАГАЛЬНІ" }, { "id":"4","short_name":"_ГРУПОВІ НАВЧАЛЬНІ" } ]}, { "id":"61","short_name":"314и","floor":"3","is_have_power":"0","auditory_types":[ { "id":"1","short_name":"__ВСІ ЗАГАЛЬНІ" }, { "id":"4","short_name":"_ГРУПОВІ НАВЧАЛЬНІ" }, { "id":"15","short_name":"Групові_30" } ]}, { "id":"6139758","short_name":"316и","floor":"3","is_have_power":"1","auditory_types":[ ]}, { "id":"6145845","short_name":"317и","floor":"24","is_have_power":"1","auditory_types":[ { "id":"5653860","short_name":"ФНІГ" } ]}, { "id":"6139756","short_name":"318и","floor":"3","is_have_power":"1","auditory_types":[ { "id":"5653860","short_name":"ФНІГ" } ]}, { "id":"6139757","short_name":"319и","floor":"3","is_have_power":"1","auditory_types":[ { "id":"33","short_name":"ОП" } ]}, { "id":"6139759","short_name":"321и","floor":"3","is_have_power":"1","auditory_types":[ { "id":"5653860","short_name":"ФНІГ" } ]}, { "id":"6139760","short_name":"322и","floor":"3","is_have_power":"1","auditory_types":[ { "id":"5653860","short_name":"ФНІГ" } ]}, { "id":"6139761","short_name":"323и","floor":"3","is_have_power":"1","auditory_types":[ { "id":"5653860","short_name":"ФНІГ" } ]}, { "id":"6139762","short_name":"324и","floor":"3","is_have_power":"1","auditory_types":[ { "id":"5653860","short_name":"ФНІГ" } ]}, { "id":"6139763","short_name":"325и","floor":"3","is_have_power":"1","auditory_types":[ { "id":"5653860","short_name":"ФНІГ" } ]}, { "id":"6139764","short_name":"326и","floor":"3","is_have_power":"1","auditory_types":[ { "id":"5653860","short_name":"ФНІГ" } ]}, { "id":"6139765","short_name":"327и","floor":"3","is_have_power":"1","auditory_types":[ { "id":"5653860","short_name":"ФНІГ" } ]}, { "id":"174","short_name":"402и","floor":"4","is_have_power":"1","auditory_types":[ { "id":"26","short_name":"ПЕЕА" } ]}, { "id":"63","short_name":"403и","floor":"4","is_have_power":"1","auditory_types":[ { "id":"26","short_name":"ПЕЕА" } ]}, { "id":"64","short_name":"404и","floor":"4","is_have_power":"1","auditory_types":[ { "id":"1","short_name":"__ВСІ ЗАГАЛЬНІ" }, { "id":"4","short_name":"_ГРУПОВІ НАВЧАЛЬНІ" } ]}, { "id":"175","short_name":"405и","floor":"4","is_have_power":"1","auditory_types":[ { "id":"20","short_name":"Каф_ВЦ" }, { "id":"26","short_name":"ПЕЕА" } ]}, { "id":"65","short_name":"406и","floor":"4","is_have_power":"0","auditory_types":[ { "id":"1","short_name":"__ВСІ ЗАГАЛЬНІ" }, { "id":"7","short_name":"_ЛЕКЦІЙНІ_МАЛІ_49" } ]}, { "id":"176","short_name":"407и","floor":"4","is_have_power":"1","auditory_types":[ { "id":"20","short_name":"Каф_ВЦ" }, { "id":"26","short_name":"ПЕЕА" } ]}, { "id":"66","short_name":"408и","floor":"4","is_have_power":"0","auditory_types":[ { "id":"1","short_name":"__ВСІ ЗАГАЛЬНІ" }, { "id":"7","short_name":"_ЛЕКЦІЙНІ_МАЛІ_49" } ]}, { "id":"177","short_name":"410и","floor":"4","is_have_power":"1","auditory_types":[ { "id":"23","short_name":"МСТ" } ]}, { "id":"67","short_name":"411и","floor":"4","is_have_power":"1","auditory_types":[ { "id":"1","short_name":"__ВСІ ЗАГАЛЬНІ" }, { "id":"4","short_name":"_ГРУПОВІ НАВЧАЛЬНІ" } ]}, { "id":"68","short_name":"412и","floor":"4","is_have_power":"0","auditory_types":[ { "id":"1","short_name":"__ВСІ ЗАГАЛЬНІ" }, { "id":"4","short_name":"_ГРУПОВІ НАВЧАЛЬНІ" }, { "id":"15","short_name":"Групові_30" } ]}, { "id":"6481417","short_name":"413и","floor":"4","is_have_power":"1","auditory_types":[ { "id":"1","short_name":"__ВСІ ЗАГАЛЬНІ" }, { "id":"4","short_name":"_ГРУПОВІ НАВЧАЛЬНІ" } ]}, { "id":"6481425","short_name":"414и","floor":"4","is_have_power":"0","auditory_types":[ { "id":"1","short_name":"__ВСІ ЗАГАЛЬНІ" }, { "id":"4","short_name":"_ГРУПОВІ НАВЧАЛЬНІ" } ]}, { "id":"7063714","short_name":"415и","floor":"4","is_have_power":"1","auditory_types":[ { "id":"1","short_name":"__ВСІ ЗАГАЛЬНІ" }, { "id":"4","short_name":"_ГРУПОВІ НАВЧАЛЬНІ" } ]}, { "id":"6481427","short_name":"416и","floor":"4","is_have_power":"0","auditory_types":[ { "id":"1","short_name":"__ВСІ ЗАГАЛЬНІ" }, { "id":"4","short_name":"_ГРУПОВІ НАВЧАЛЬНІ" } ]}, { "id":"6481429","short_name":"417и","floor":"4","is_have_power":"1","auditory_types":[ { "id":"1","short_name":"__ВСІ ЗАГАЛЬНІ" }, { "id":"4","short_name":"_ГРУПОВІ НАВЧАЛЬНІ" } ]}, { "id":"6481430","short_name":"418и","floor":"4","is_have_power":"1","auditory_types":[ { "id":"1","short_name":"__ВСІ ЗАГАЛЬНІ" }, { "id":"4","short_name":"_ГРУПОВІ НАВЧАЛЬНІ" } ]}, { "id":"6481433","short_name":"419и","floor":"4","is_have_power":"1","auditory_types":[ { "id":"1","short_name":"__ВСІ ЗАГАЛЬНІ" }, { "id":"6","short_name":"_ЛЕКЦІЙНІ_ВЕЛИКІ" } ]}, { "id":"178","short_name":"501аи","floor":"5","is_have_power":"1","auditory_types":[ { "id":"26","short_name":"ПЕЕА" } ]}, { "id":"179","short_name":"501би","floor":"5","is_have_power":"1","auditory_types":[ { "id":"26","short_name":"ПЕЕА" } ]}, { "id":"180","short_name":"502и","floor":"5","is_have_power":"1","auditory_types":[ { "id":"23","short_name":"МСТ" }, { "id":"11","short_name":"МСТ_502и/504и" } ]}, { "id":"181","short_name":"503и","floor":"4","is_have_power":"0","auditory_types":[ { "id":"20","short_name":"Каф_ВЦ" }, { "id":"26","short_name":"ПЕЕА" } ]}, { "id":"182","short_name":"504и","floor":"5","is_have_power":"0","auditory_types":[ { "id":"23","short_name":"МСТ" }, { "id":"11","short_name":"МСТ_502и/504и" } ]}, { "id":"183","short_name":"505и","floor":"5","is_have_power":"1","auditory_types":[ { "id":"20","short_name":"Каф_ВЦ" }, { "id":"23","short_name":"МСТ" } ]}, { "id":"2211813","short_name":"506и","floor":"5","is_have_power":"1","auditory_types":[ { "id":"23","short_name":"МСТ" } ]}, { "id":"7189638","short_name":"509и","floor":"5","is_have_power":"1","auditory_types":[ { "id":"1684555","short_name":"ПІ" } ]}, { "id":"7104765","short_name":"510и","floor":"5","is_have_power":"1","auditory_types":[ { "id":"21","short_name":"ІКІ" } ]}, { "id":"7189639","short_name":"511и","floor":"5","is_have_power":"1","auditory_types":[ { "id":"1684555","short_name":"ПІ" } ]}, { "id":"7213128","short_name":"512и","floor":"5","is_have_power":"1","auditory_types":[ ]}, { "id":"7189640","short_name":"513и","floor":"5","is_have_power":"1","auditory_types":[ { "id":"1684555","short_name":"ПІ" } ]}, { "id":"7693998","short_name":"600аи","floor":"6","is_have_power":"1","auditory_types":[ ]}, { "id":"7693997","short_name":"600и","floor":"6","is_have_power":"1","auditory_types":[ { "id":"1","short_name":"__ВСІ ЗАГАЛЬНІ" }, { "id":"6","short_name":"_ЛЕКЦІЙНІ_ВЕЛИКІ" }, { "id":"18","short_name":"_ЛЕКЦІЙНІ_60" } ]}, { "id":"70","short_name":"601и","floor":"6","is_have_power":"1","auditory_types":[ ]}, { "id":"71","short_name":"604и","floor":"6","is_have_power":"1","auditory_types":[ ]}, { "id":"72","short_name":"605и","floor":"6","is_have_power":"1","auditory_types":[ { "id":"1","short_name":"__ВСІ ЗАГАЛЬНІ" }, { "id":"4","short_name":"_ГРУПОВІ НАВЧАЛЬНІ" } ]}, { "id":"73","short_name":"607и","floor":"6","is_have_power":"1","auditory_types":[ ]}, { "id":"7643319","short_name":"608и","floor":"6","is_have_power":"1","auditory_types":[ { "id":"1","short_name":"__ВСІ ЗАГАЛЬНІ" }, { "id":"4","short_name":"_ГРУПОВІ НАВЧАЛЬНІ" } ]}, { "id":"7643321","short_name":"609и","floor":"6","is_have_power":"1","auditory_types":[ { "id":"1","short_name":"__ВСІ ЗАГАЛЬНІ" }, { "id":"4","short_name":"_ГРУПОВІ НАВЧАЛЬНІ" } ]}, { "id":"7643323","short_name":"610и","floor":"6","is_have_power":"1","auditory_types":[ { "id":"1","short_name":"__ВСІ ЗАГАЛЬНІ" }, { "id":"4","short_name":"_ГРУПОВІ НАВЧАЛЬНІ" } ]}, { "id":"7693999","short_name":"611и","floor":"6","is_have_power":"1","auditory_types":[ { "id":"7434126","short_name":"МТС" } ]}, { "id":"7694000","short_name":"613и","floor":"6","is_have_power":"1","auditory_types":[ { "id":"1","short_name":"__ВСІ ЗАГАЛЬНІ" }, { "id":"4","short_name":"_ГРУПОВІ НАВЧАЛЬНІ" } ]}, { "id":"7694001","short_name":"614и","floor":"6","is_have_power":"1","auditory_types":[ ]}, { "id":"7694002","short_name":"615и","floor":"6","is_have_power":"1","auditory_types":[ { "id":"1","short_name":"__ВСІ ЗАГАЛЬНІ" }, { "id":"4","short_name":"_ГРУПОВІ НАВЧАЛЬНІ" } ]}, { "id":"7694003","short_name":"617и","floor":"6","is_have_power":"0","auditory_types":[ ]}, { "id":"7694004","short_name":"620и","floor":"6","is_have_power":"1","auditory_types":[ { "id":"7434126","short_name":"МТС" } ]} ]}, { "id":"к","short_name":"к","full_name":"корпус \"к\"","auditories":[ { "id":"7495428","short_name":"201к","floor":"2","is_have_power":"1","auditory_types":[ ]}, { "id":"4168277","short_name":"204к","floor":"2","is_have_power":"0","auditory_types":[ { "id":"5653858","short_name":"ПрН" }, { "id":"5653860","short_name":"ФНІГ" } ]}, { "id":"50","short_name":"301к","floor":"3","is_have_power":"0","auditory_types":[ { "id":"5653858","short_name":"ПрН" }, { "id":"5653860","short_name":"ФНІГ" } ]}, { "id":"5653859","short_name":"302к","floor":"3","is_have_power":"0","auditory_types":[ ]}, { "id":"5","short_name":"303к","floor":"3","is_have_power":"0","auditory_types":[ { "id":"5653858","short_name":"ПрН" }, { "id":"5653860","short_name":"ФНІГ" } ]}, { "id":"12","short_name":"304к","floor":"3","is_have_power":"0","auditory_types":[ { "id":"5653857","short_name":"МП" }, { "id":"5653860","short_name":"ФНІГ" } ]}, { "id":"69","short_name":"305к","floor":"3","is_have_power":"0","auditory_types":[ { "id":"5653858","short_name":"ПрН" }, { "id":"5653860","short_name":"ФНІГ" } ]}, { "id":"36","short_name":"309к","floor":"3","is_have_power":"0","auditory_types":[ { "id":"5653858","short_name":"ПрН" }, { "id":"5653860","short_name":"ФНІГ" } ]}, { "id":"6014239","short_name":"311к","floor":"3","is_have_power":"0","auditory_types":[ ]}, { "id":"6","short_name":"312к","floor":"3","is_have_power":"0","auditory_types":[ { "id":"5653857","short_name":"МП" }, { "id":"5653860","short_name":"ФНІГ" } ]}, { "id":"5653855","short_name":"313к","floor":"3","is_have_power":"0","auditory_types":[ { "id":"5653857","short_name":"МП" }, { "id":"5653860","short_name":"ФНІГ" } ]}, { "id":"1809545","short_name":"401к","floor":"4","is_have_power":"0","auditory_types":[ { "id":"5653857","short_name":"МП" }, { "id":"5653860","short_name":"ФНІГ" } ]}, { "id":"195","short_name":"402к","floor":"4","is_have_power":"0","auditory_types":[ { "id":"5653857","short_name":"МП" }, { "id":"5653860","short_name":"ФНІГ" } ]}, { "id":"1809548","short_name":"403к","floor":"4","is_have_power":"0","auditory_types":[ { "id":"5653857","short_name":"МП" }, { "id":"5653860","short_name":"ФНІГ" } ]}, { "id":"198","short_name":"404к","floor":"4","is_have_power":"0","auditory_types":[ { "id":"5653857","short_name":"МП" }, { "id":"5653860","short_name":"ФНІГ" } ]}, { "id":"2675553","short_name":"405к","floor":"4","is_have_power":"0","auditory_types":[ { "id":"5653857","short_name":"МП" }, { "id":"5653860","short_name":"ФНІГ" } ]}, { "id":"4170771","short_name":"406к","floor":"4","is_have_power":"0","auditory_types":[ { "id":"5653857","short_name":"МП" }, { "id":"5653860","short_name":"ФНІГ" } ]}, { "id":"2675554","short_name":"407к","floor":"4","is_have_power":"0","auditory_types":[ ]}, { "id":"3381598","short_name":"408к","floor":"4","is_have_power":"0","auditory_types":[ { "id":"5653857","short_name":"МП" }, { "id":"5653860","short_name":"ФНІГ" } ]}, { "id":"3590507","short_name":"410к","floor":"4","is_have_power":"0","auditory_types":[ { "id":"5653857","short_name":"МП" }, { "id":"5653860","short_name":"ФНІГ" } ]}, { "id":"4261965","short_name":"412к","floor":"4","is_have_power":"0","auditory_types":[ { "id":"5653857","short_name":"МП" }, { "id":"5653860","short_name":"ФНІГ" } ]}, { "id":"4548645","short_name":"413к","floor":"4","is_have_power":"0","auditory_types":[ { "id":"5653857","short_name":"МП" }, { "id":"5653860","short_name":"ФНІГ" } ]}, { "id":"2675557","short_name":"414к","floor":"4","is_have_power":"0","auditory_types":[ { "id":"5653857","short_name":"МП" }, { "id":"5653860","short_name":"ФНІГ" } ]}, { "id":"2675558","short_name":"415к","floor":"4","is_have_power":"0","auditory_types":[ ]}, { "id":"7280556","short_name":"501к","floor":"5","is_have_power":"1","auditory_types":[ { "id":"24","short_name":"БМІ" } ]}, { "id":"5681483","short_name":"504к","floor":"4","is_have_power":"0","auditory_types":[ { "id":"5653857","short_name":"МП" }, { "id":"5653860","short_name":"ФНІГ" } ]}, { "id":"7280557","short_name":"505к","floor":"5","is_have_power":"1","auditory_types":[ { "id":"24","short_name":"БМІ" }, { "id":"7456488","short_name":"ЕК" } ]} ]}, { "id":"ф","short_name":"ф","full_name":"корпус \"ф\"","auditories":[ { "id":"-5932921","short_name":"Акт.зал","floor":"0","is_have_power":"0","auditory_types":[ ]}, { "id":"-185","short_name":"ФІЛІЯ","floor":"0","is_have_power":"0","auditory_types":[ ]}, { "id":"-1189036","short_name":"ФІЛІЯ_1","floor":"0","is_have_power":"0","auditory_types":[ ]}, { "id":"172","short_name":"___0","floor":"0","is_have_power":"0","auditory_types":[ ]} ]}, { "id":"х","short_name":"х","full_name":"корпус \"х\"","auditories":[ { "id":"10","short_name":"каф.СІ","floor":"3","is_have_power":"1","auditory_types":[ { "id":"15","short_name":"Групові_30" } ]} ]}, { "id":"ц","short_name":"ц","full_name":"корпус \"ц\"","auditories":[ { "id":"156","short_name":"151-1","floor":"1","is_have_power":"0","auditory_types":[ { "id":"12","short_name":"_ВСІ_ВЦ" }, { "id":"17","short_name":"ВЦ_Internet" } ]}, { "id":"157","short_name":"151-2","floor":"1","is_have_power":"0","auditory_types":[ { "id":"12","short_name":"_ВСІ_ВЦ" }, { "id":"17","short_name":"ВЦ_Internet" } ]}, { "id":"158","short_name":"151-3","floor":"1","is_have_power":"0","auditory_types":[ { "id":"12","short_name":"_ВСІ_ВЦ" }, { "id":"17","short_name":"ВЦ_Internet" }, { "id":"16","short_name":"ВЦ2" } ]}, { "id":"159","short_name":"151-4","floor":"1","is_have_power":"0","auditory_types":[ { "id":"12","short_name":"_ВСІ_ВЦ" }, { "id":"17","short_name":"ВЦ_Internet" }, { "id":"16","short_name":"ВЦ2" }, { "id":"4355616","short_name":"ІНФ" } ]}, { "id":"165","short_name":"165-1","floor":"1","is_have_power":"0","auditory_types":[ { "id":"12","short_name":"_ВСІ_ВЦ" }, { "id":"17","short_name":"ВЦ_Internet" }, { "id":"16","short_name":"ВЦ2" } ]}, { "id":"166","short_name":"165-2","floor":"1","is_have_power":"0","auditory_types":[ { "id":"12","short_name":"_ВСІ_ВЦ" }, { "id":"17","short_name":"ВЦ_Internet" }, { "id":"16","short_name":"ВЦ2" } ]}, { "id":"167","short_name":"165-3","floor":"1","is_have_power":"0","auditory_types":[ { "id":"12","short_name":"_ВСІ_ВЦ" }, { "id":"17","short_name":"ВЦ_Internet" }, { "id":"16","short_name":"ВЦ2" } ]}, { "id":"168","short_name":"165-5","floor":"1","is_have_power":"0","auditory_types":[ { "id":"12","short_name":"_ВСІ_ВЦ" }, { "id":"17","short_name":"ВЦ_Internet" }, { "id":"16","short_name":"ВЦ2" } ]}, { "id":"169","short_name":"165-6","floor":"1","is_have_power":"0","auditory_types":[ { "id":"12","short_name":"_ВСІ_ВЦ" }, { "id":"17","short_name":"ВЦ_Internet" }, { "id":"16","short_name":"ВЦ2" } ]}, { "id":"1675427","short_name":"166вц","floor":"1","is_have_power":"1","auditory_types":[ { "id":"12","short_name":"_ВСІ_ВЦ" } ]}, { "id":"170","short_name":"167вц","floor":"1","is_have_power":"0","auditory_types":[ { "id":"16","short_name":"ВЦ2" }, { "id":"7434126","short_name":"МТС" }] }] }] } }