{
    "auditory_types":[ 
        {"id":4575890,"full_name":"АПОТ"} , 
        {"id":7495709,"full_name":"Бібліотека"} , 
        {"id":19,"full_name":"БІТ"} , 
        {"id":24,"full_name":"БМІ"} , 
        {"id":1674245,"full_name":"ВМ"} , 
        {"id":1,"full_name":"__ВСІ ЗАГАЛЬНІ"} , 
        {"id":12,"full_name":"_ВСІ_ВЦ"} , 
        {"id":17,"full_name":"ВЦ_Internet"} , 
        {"id":16,"full_name":"ВЦ2"} , 
        {"id":4,"full_name":"_ГРУПОВІ НАВЧАЛЬНІ"} , 
        {"id":15,"full_name":"Групові_30"} , 
        {"id":7456488,"full_name":"ЕК"} , 
        {"id":10,"full_name":"ЕОМ"} , 
        {"id":21,"full_name":"ІКІ"} , 
        {"id":2994019,"full_name":"ІМІ"} , 
        {"id":3,"full_name":"Ін Яз"} , 
        {"id":4355616,"full_name":"ІНФ"} , 
        {"id":31,"full_name":"ІУС"} , 
        {"id":20,"full_name":"Каф_ВЦ"} , 
        {"id":27,"full_name":"КІТАМ"} , 
        {"id":7922119,"full_name":"КІТС"} ,
        {"id":32,"full_name":"КРіСТЗІ"} , 
        {"id":6,"full_name":"_ЛЕКЦІЙНІ_ВЕЛИКІ"} , 
        {"id":7,"full_name":"_ЛЕКЦІЙНІ_МАЛІ_49"} , 
        {"id":18,"full_name":"_ЛЕКЦІЙНІ_60"} , 
        {"id":25,"full_name":"МЕЕПП"} , 
        {"id":29,"full_name":"МІРЕС"} , 
        {"id":5653857,"full_name":"МП"} , 
        {"id":23,"full_name":"МСТ"} , 
        {"id":11,"full_name":"МСТ_502и/504и"} , 
        {"id":22,"full_name":"МТЕ"} , 
        {"id":7434126,"full_name":"МТС"} , 
        {"id":33,"full_name":"ОП"} , 
        {"id":26,"full_name":"ПЕЕА"} , 
        {"id":1684555,"full_name":"ПІ"} , 
        {"id":6276917,"full_name":"ПМ"} , 
        {"id":5653858,"full_name":"ПрН"} , 
        {"id":30,"full_name":"РТІКС"} , 
        {"id":7657358,"full_name":"СІ"} , 
        {"id":4080045,"full_name":"СТ"} , 
        {"id":5,"full_name":"УКР"} , 
        {"id":13,"full_name":"Фізики"} , 
        {"id":5653860,"full_name":"ФНІГ"} , 
        {"id":28,"full_name":"ФОЕТ"} , 
        {"id":5952016,"full_name":"ФПО"} , 
        {"id":2357820,"full_name":"ЦНСІМ"} , 
        {"id":4575891,"full_name":"ЦТДН"} , 
        {"id":34,"full_name":"ШІ"} 
        ]
    }