{"time_zone":"Europe/Kiev","events":[{"subject_id":1,"start_time":1573457400,"end_time":1573463100,"type":10,"number_pair":2,"auditory":"325і","teachers":[],"groups":[7706457]},{"subject_id":1,"start_time":1573463700,"end_time":1573469400,"type":10,"number_pair":3,"auditory":"605і","teachers":[],"groups":[7706519]},{"subject_id":1,"start_time":1573470600,"end_time":1573476300,"type":10,"number_pair":4,"auditory":"312і","teachers":[],"groups":[7706523]},{"subject_id":1,"start_time":1573476900,"end_time":1573482600,"type":10,"number_pair":5,"auditory":"312і","teachers":[],"groups":[7706399]},{"subject_id":1,"start_time":1574062200,"end_time":1574067900,"type":10,"number_pair":2,"auditory":"317і","teachers":[],"groups":[7706457]},{"subject_id":1,"start_time":1574068500,"end_time":1574074200,"type":10,"number_pair":3,"auditory":"605і","teachers":[],"groups":[7706519]},{"subject_id":1,"start_time":1574075400,"end_time":1574081100,"type":10,"number_pair":4,"auditory":"312і","teachers":[],"groups":[7706523]},{"subject_id":1,"start_time":1574667000,"end_time":1574672700,"type":10,"number_pair":2,"auditory":"325і","teachers":[],"groups":[7706457]},{"subject_id":1,"start_time":1574673300,"end_time":1574679000,"type":10,"number_pair":3,"auditory":"605і","teachers":[],"groups":[7706519]},{"subject_id":1,"start_time":1574680200,"end_time":1574685900,"type":10,"number_pair":4,"auditory":"312і","teachers":[],"groups":[7706523]},{"subject_id":1,"start_time":1575278100,"end_time":1575283800,"type":10,"number_pair":3,"auditory":"605і","teachers":[],"groups":[7706519]},{"subject_id":1,"start_time":1575285000,"end_time":1575290700,"type":10,"number_pair":4,"auditory":"312і","teachers":[],"groups":[7706523]},{"subject_id":1,"start_time":1575876600,"end_time":1575882300,"type":10,"number_pair":2,"auditory":"325і","teachers":[],"groups":[7706457]},{"subject_id":1,"start_time":1575882900,"end_time":1575888600,"type":10,"number_pair":3,"auditory":"605і","teachers":[],"groups":[7706519]},{"subject_id":1,"start_time":1575889800,"end_time":1575895500,"type":10,"number_pair":4,"auditory":"312і","teachers":[],"groups":[7706523]}],"groups":[{"name":"КІУКІ-19-4","id":7706399},{"name":"МТІОЛС-19-1","id":7706457},{"name":"ТРІМІу-19-1","id":7706519},{"name":"КІУКІ-19-3","id":7706523}],"teachers":[],"subjects":[{"id":1,"brief":"ВМ","title":"ВМ","hours":[{"type":10,"val":0,"teachers":[]}]}],"types":[{"id":0,"short_name":"Лк","full_name":"Лекція","id_base":0,"type":"lecture"},{"id":1,"short_name":"У.Лк (1)","full_name":"Уст. Лекція (1)","id_base":0,"type":"lecture"},{"id":2,"short_name":"У.Лк","full_name":"Уст. Лекція","id_base":0,"type":"lecture"},{"id":10,"short_name":"Пз","full_name":"Практичне заняття","id_base":10,"type":"practice"},{"id":12,"short_name":"У.Пз","full_name":"Уст. Практичне заняття","id_base":10,"type":"practice"},{"id":20,"short_name":"Лб","full_name":"Лабораторна робота","id_base":20,"type":"laboratory"},{"id":21,"short_name":"Лб","full_name":"Лабораторна ІОЦ","id_base":20,"type":"laboratory"},{"id":22,"short_name":"Лб","full_name":"Лабораторна кафедри","id_base":20,"type":"laboratory"},{"id":23,"short_name":"У.Лб","full_name":"Уст. Лабораторна ІОЦ","id_base":20,"type":"laboratory"},{"id":24,"short_name":"У.Лб","full_name":"Уст. Лабораторна кафедри","id_base":20,"type":"laboratory"},{"id":30,"short_name":"Конс","full_name":"Консультація","id_base":30,"type":"consultation"},{"id":40,"short_name":"Зал","full_name":"Залік","id_base":40,"type":"test"},{"id":41,"short_name":"дзал","full_name":"ЗалікД","id_base":40,"type":"test"},{"id":50,"short_name":"Екз","full_name":"Екзамен","id_base":50,"type":"exam"},{"id":51,"short_name":"ЕкзП","full_name":"ЕкзаменП","id_base":50,"type":"exam"},{"id":52,"short_name":"ЕкзУ","full_name":"ЕкзаменУ","id_base":50,"type":"exam"},{"id":53,"short_name":"ІспКомб","full_name":"Іспит комбінований","id_base":50,"type":"exam"},{"id":54,"short_name":"ІспТест","full_name":"Іспит тестовий","id_base":50,"type":"exam"},{"id":55,"short_name":"мод","full_name":"Модуль","id_base":50,"type":"exam"},{"id":60,"short_name":"КП/КР","full_name":"КП/КР","id_base":60,"type":"course_work"}]}