[{"name":"УФЕБм-18-1","id":6963572},{"name":"УФЕБм-19-1","id":7734456},{"name":"ЕЕК-16-1","id":5721787},{"name":"ЕЕК-17-1","id":6283501},{"name":"ЕЕК-18-1","id":6949796},{"name":"ЕЕК-19-1","id":7706421},{"name":"ЕЕК-16-1","id":5721787},{"name":"ЕЕК-17-1","id":6283501},{"name":"ЕЕК-18-1","id":6949796},{"name":"ЕЕК-19-1","id":7706421},{"name":"ЕК-14-1","id":4801970},{"name":"ЕК-15-1","id":5259398},{"name":"ЕКм-18-1","id":6963588},{"name":"ЕКм-19-1","id":7734520},{"name":"ІНФ-14-1","id":4801934},{"name":"ІНФ-14-2","id":4801976},{"name":"ІНФу-14-1","id":5008853},{"name":"ІНФ-15-2","id":5259296},{"name":"ІНФ-15-1","id":5259428},{"name":"ІТІНФ-16-2","id":5721661},{"name":"ІТІНФу-16-1","id":5721687},{"name":"ІТІНФ-16-1","id":5721735},{"name":"ІТІНФ-17-1","id":6283483},{"name":"ІТІНФ-17-2","id":6283499},{"name":"ІТІНФ-18-2","id":6949674},{"name":"ІТІНФ-18-1","id":6949764},{"name":"ІТІНФ-18-3","id":7195791},{"name":"ІТІНФ-19-1","id":7706317},{"name":"ІТІНФ-19-2","id":7706391},{"name":"ІТІНФ-19-3","id":7980766},{"name":"ІТКСм-18-1","id":6963518},{"name":"ІТКСм-19-1","id":7734534},{"name":"КРП-17-1","id":6283459},{"name":"КРП-18-1","id":7049337},{"name":"ІНФу-15-1","id":5451573},{"name":"ІНФм-18-1","id":6963560},{"name":"ІНФм-18-2","id":7195918},{"name":"ІНФм-19-1","id":7734504},{"name":"ІНФм-19-2","id":7930711},{"name":"ПМ-14-1","id":4801956},{"name":"ПМ-15-1","id":5259278},{"name":"ПМм-18-1","id":6963544},{"name":"ПМм-19-1","id":7734434},{"name":"ПМ-14-1","id":4801956},{"name":"ПМ-15-1","id":5259278},{"name":"САУм-18-1","id":6963562},{"name":"САУм-19-1","id":7734426},{"name":"ПМ-14-1","id":4801956},{"name":"ПМ-15-1","id":5259278},{"name":"СІм-18-1","id":6963534},{"name":"СІм-19-1","id":7734506},{"name":"ПМ-14-1","id":4801956},{"name":"ПМ-15-1","id":5259278},{"name":"ПМ-14-1","id":4801956},{"name":"ПМ-15-1","id":5259278},{"name":"ППМ-16-1","id":5721721},{"name":"ППМ-17-1","id":6283479},{"name":"ППМ-18-1","id":6949784},{"name":"ППМ-19-1","id":7706539},{"name":"СА-14-1","id":4801958},{"name":"СА-15-1","id":5259348},{"name":"СТКСм-18-1","id":6963536},{"name":"СТСА-16-1","id":5721705},{"name":"СТСА-17-1","id":6288171},{"name":"СТСА-18-1","id":6949798},{"name":"СТСА-19-1","id":7706425},{"name":"СТСА-16-1","id":5721705},{"name":"СТСА-17-1","id":6288171},{"name":"СТСА-18-1","id":6949798},{"name":"СТСА-19-1","id":7706425},{"name":"АУТПм-18-1","id":6963508},{"name":"АУТПм-19-1","id":7734478},{"name":"АКІТ-14-2","id":4801902},{"name":"АКІТ-14-1","id":4801974},{"name":"АКІТ-15-1","id":5259416},{"name":"АКІТу-15-1","id":5259434},{"name":"АКІТ-15-2","id":5259440},{"name":"КІТПВм-18-1","id":6963548},{"name":"КІТПВм-19-1","id":7734488},{"name":"АКІТ-14-2","id":4801902},{"name":"АКІТ-14-1","id":4801974},{"name":"АКІТ-15-1","id":5259416},{"name":"АКІТу-15-1","id":5259434},{"name":"АКІТ-15-2","id":5259440},{"name":"АКІТ-14-2","id":4801902},{"name":"АКІТ-14-1","id":4801974},{"name":"АКІТ-15-1","id":5259416},{"name":"АКІТу-15-1","id":5259434},{"name":"АКІТ-15-2","id":5259440},{"name":"АКТАЕу-18-1","id":6949818},{"name":"АКТАКІТ-16-1","id":5721709},{"name":"АКТАКІТу-16-1","id":5721713},{"name":"АКТАКІТ-16-2","id":5721733},{"name":"АКТАКІТ-17-2","id":6283407},{"name":"АКТАКІТу-17-1","id":6283441},{"name":"АКТАКІТ-17-1","id":6283487},{"name":"АКТАКІТ-18-1","id":6949684},{"name":"АКТАКІТ-18-2","id":6949832},{"name":"АКТАКІТ-19-2","id":7706387},{"name":"АКТАКІТу-19-1","id":7706389},{"name":"АКТАКІТ-19-1","id":7706495},{"name":"АКТСІ-19-1","id":7706359},{"name":"АКТСІу-19-1","id":7706409},{"name":"АКТСІ-19-2","id":7706471},{"name":"АКТСІ-19-3","id":7989550},{"name":"АКТСІ-16-1","id":5721657},{"name":"АКТСІу-16-2","id":5721663},{"name":"АКТСІ-16-2","id":5721749},{"name":"АКТСІу-16-1","id":5721759},{"name":"АКТСІ-17-1","id":6283447},{"name":"АКТСІ-17-2","id":6283449},{"name":"АКТСІу-17-1","id":6283475},{"name":"АКТСІу-17-2","id":6497325},{"name":"АКТСІ-17-3","id":6511524},{"name":"АКТСІ-18-1","id":6949652},{"name":"АКТСІу-18-1","id":6949658},{"name":"АКТСІу-18-2","id":6949660},{"name":"АКТСІ-18-2","id":6949720},{"name":"АКТСІ-18-3","id":7197169},{"name":"АКТСІу-19-2","id":7706347},{"name":"ВСА-17-1","id":6497317},{"name":"ВСА-18-1","id":6949702},{"name":"ВСАу-18-1","id":6954752},{"name":"ВСАу-19-1","id":7706305},{"name":"ВСА-19-1","id":7706465},{"name":"ТРІТЗРу-18-1","id":6949776},{"name":"ТРІТЗР-18-1","id":6949786},{"name":"ІТМРТм-18-1","id":6963540},{"name":"ІТМРТм-19-1","id":7734486},{"name":"РЕА-14-1","id":4801964},{"name":"РЕАу-15-1","id":5259314},{"name":"РЕАу-15-2","id":5259388},{"name":"РЕА-15-1","id":5259424},{"name":"РЕАЗм-18-1","id":6963512},{"name":"РЕАЗм-19-1","id":7734518},{"name":"РЕА-14-1","id":4801964},{"name":"РЕАу-15-1","id":5259314},{"name":"РЕАу-15-2","id":5259388},{"name":"РЕА-15-1","id":5259424},{"name":"РЕА-14-1","id":4801964},{"name":"РЕАу-15-1","id":5259314},{"name":"РЕАу-15-2","id":5259388},{"name":"РЕА-15-1","id":5259424},{"name":"КСУАм-18-1","id":6963538},{"name":"КСУАм-19-1","id":7734428},{"name":"СІ-14-2","id":4801936},{"name":"СІ-14-1","id":4801994},{"name":"СІ-15-1","id":5259392},{"name":"СІ-15-2","id":5259394},{"name":"СІу-15-1","id":5259404},{"name":"СІу-15-2","id":5461875},{"name":"КТРСм-18-1","id":6963592},{"name":"КТРСм-19-1","id":7734424},{"name":"СІ-14-2","id":4801936},{"name":"СІ-14-1","id":4801994},{"name":"СІ-15-1","id":5259392},{"name":"СІ-15-2","id":5259394},{"name":"СІу-15-1","id":5259404},{"name":"СІу-15-2","id":5461875},{"name":"СІ-14-2","id":4801936},{"name":"СІ-14-1","id":4801994},{"name":"СІ-15-1","id":5259392},{"name":"СІ-15-2","id":5259394},{"name":"СІу-15-1","id":5259404},{"name":"СІу-15-2","id":5461875},{"name":"ТРІТЗРу-19-1","id":7706469},{"name":"ТРІТЗР-19-1","id":7706489},{"name":"ТРРЕАу-16-1","id":5721717},{"name":"ТРРЕАу-16-2","id":5721779},{"name":"ТРРЕА-16-1","id":5721783},{"name":"ТРРЕА-17-1","id":6283373},{"name":"ТРРЕАу-17-1","id":6283485},{"name":"ТРРЕАу-17-2","id":6502140},{"name":"ТРРЕАу-17-3","id":6522910},{"name":"ТРРЗВСу-18-1","id":6949650},{"name":"ТРРЗВСу-19-1","id":7706547},{"name":"АКІТдф-16-1","id":5998106},{"name":"АКІТдф-17-1","id":6438825},{"name":"АКІТдф-18-1","id":7237071},{"name":"АКІТдф-19-1","id":7799400},{"name":"БМІдф-16-1","id":5998114},{"name":"БМІдф-17-1","id":6438827},{"name":"БМІдф-18-1","id":7237069},{"name":"БМІдф-19-1","id":7799398},{"name":"ЕКдф-16-1","id":5998046},{"name":"ЕКдф-17-1","id":6438829},{"name":"ЕКдф-18-1","id":7237067},{"name":"ЕКдф-19-1","id":7799396},{"name":"ЕКдфв-18-1","id":7841315},{"name":"ЕЛТдф-16-1","id":5998119},{"name":"ЕЛТдф-17-1","id":6438946},{"name":"ЕЛТдф-18-1","id":7237065},{"name":"ЕЛТдф-19-1","id":7799394},{"name":"ЕЛТдфв-18-1","id":7799416},{"name":"ІПЗдф-16-1","id":5998080},{"name":"ІПЗдф-17-1","id":6438948},{"name":"ІПЗдф-18-1","id":7237073},{"name":"ІПЗдф-19-1","id":7799404},{"name":"ІПЗдфв-18-1","id":8042524},{"name":"КБдф-16-1","id":5988181},{"name":"КБдф-17-1","id":6438950},{"name":"КБдф-18-1","id":7237061},{"name":"КБдф-19-1","id":7799390},{"name":"КБдфв-18-1","id":7799412},{"name":"КІдф-16-1","id":5998091},{"name":"КІдф-17-1","id":6438952},{"name":"КІдф-18-1","id":7237063},{"name":"КІдф-19-1","id":7799392},{"name":"КНІТдф-16-1","id":5998085},{"name":"КНІТдф-17-1","id":6438954},{"name":"КНдф-18-1","id":7237059},{"name":"ІСТдф-18-1","id":7242038},{"name":"КНдф-19-1","id":7799388},{"name":"ІСТдф-19-1","id":7799402},{"name":"КНдфв-18-1","id":7799414},{"name":"ІСТдфв-18-1","id":7841309},{"name":"МІВТдф-16-1","id":5998112},{"name":"МІВТдф-17-1","id":6438956},{"name":"МІВТдф-18-1","id":7237057},{"name":"МІВТдф-19-1","id":7799386},{"name":"МІВТдфв-18-1","id":7841307},{"name":"ПМдф-16-1","id":5998075},{"name":"ПМдф-17-1","id":6438959},{"name":"ПМдф-18-1","id":7237055},{"name":"ПМдф-19-1","id":7799384},{"name":"ПМдфв-18-1","id":7841313},{"name":"ПФНМдф-16-1","id":5998063},{"name":"ПФНМдф-17-1","id":6438961},{"name":"ПФНМдф-18-1","id":7237053},{"name":"ПФНМдф-19-1","id":7799382},{"name":"САдф-16-1","id":5998099},{"name":"САдф-17-1","id":6438963},{"name":"САдф-18-1","id":7237051},{"name":"САдф-19-1","id":7799380},{"name":"САдфв-18-1","id":7841311},{"name":"ТКРТдф-16-1","id":5998127},{"name":"ТКРТдф-17-1","id":6438965},{"name":"ТКРТдф-18-1","id":7237049},{"name":"ТКРТдф-19-1","id":7799378},{"name":"ТКРТдфв-18-1","id":7799410},{"name":"БІБМІ-16-1","id":5721675},{"name":"БІБМІу-16-1","id":5721695},{"name":"БІБМІу-17-1","id":6283371},{"name":"БІБМІ-17-1","id":6283421},{"name":"БІБМІ-18-1","id":6949690},{"name":"БІБМІу-18-1","id":6949750},{"name":"БІБМІ-19-1","id":7706383},{"name":"БІБМІу-19-1","id":7706405},{"name":"БІІТБМ-17-1","id":6502209},{"name":"БІІТБМу-17-1","id":6506819},{"name":"БМІу-14-1+БМІу-14-2","id":4802052},{"name":"БМІ-15-1+ЕПС-15-1","id":6009124},{"name":"БМІм-18-1","id":6963500},{"name":"БМІм-19-1","id":7734442},{"name":"БМІ-14-1","id":4801900},{"name":"БМІу-15-1","id":5259336},{"name":"БМІ-15-1","id":5259420},{"name":"ІТБМм-18-1","id":6963574},{"name":"БМІ-14-1","id":4801900},{"name":"БМІу-15-1","id":5259336},{"name":"БМІ-15-1","id":5259420},{"name":"БМІ-14-1","id":4801900},{"name":"БМІу-15-1","id":5259336},{"name":"БМІ-15-1","id":5259420},{"name":"ЕЕПСу-16-1","id":5721673},{"name":"ЕЕПС-16-1","id":5721729},{"name":"ЕЕПСу-17-1","id":6283397},{"name":"ЕЕПС-17-1","id":6283437},{"name":"ЕЕПСу-18-1","id":6949812},{"name":"ЕЕПС-18-1","id":6949834},{"name":"ЕЕПС-19-1","id":7706455},{"name":"ЕЕПСу-19-1","id":7724890},{"name":"ЕППм-18-1","id":6963520},{"name":"ЕППм-19-1","id":7734470},{"name":"МНПм-18-1","id":6963480},{"name":"МНПм-19-1","id":7734536},{"name":"ЕПС-14-1","id":4802016},{"name":"ЕПС-15-1","id":5259358},{"name":"ЕПСу-15-1","id":5259414},{"name":"ФТОІм-18-1","id":6977487},{"name":"ЛОЕТм-18-1","id":6977489},{"name":"ЛОЕТм-19-1","id":7737495},{"name":"ФТОІм-19-1","id":7737497},{"name":"МН-14-1","id":4801948},{"name":"МН-15-1","id":5259376},{"name":"МН-15-1+ОТ-15-1","id":6009126},{"name":"МНТМН-16-1","id":5721683},{"name":"МНТМН-16-1+МТОТ-16-1","id":6009118},{"name":"МНТМН-17-1","id":6283425},{"name":"МНТМНу-18-1","id":6949700},{"name":"МНТМН-18-1","id":6949728},{"name":"МНТМН-19-1","id":7706487},{"name":"МНТМНу-19-1","id":7724887},{"name":"МТІОЛС-19-1","id":7706457},{"name":"МТОТу-16-1","id":5721741},{"name":"МТОТ-16-1","id":5721757},{"name":"МТОТ-17-1","id":6283361},{"name":"МТОТу-17-1","id":6514502},{"name":"МТОТ-18-1","id":6949734},{"name":"МТОТу-18-1","id":6949738},{"name":"МТОТу-19-1","id":7706525},{"name":"ОТ-14-1","id":4801940},{"name":"ОТу-15-1","id":5259310},{"name":"ОТ-15-1","id":5259446},{"name":"ОТ-14-1+ОТУ-15-1","id":5721747},{"name":"ОТ-15-1+МТОТУ-16-1","id":6009122},{"name":"КУІБ-16-1","id":5721701},{"name":"КУІБі-16-1","id":5936820},{"name":"КУІБ-17-1","id":6283415},{"name":"КУІБу-17-1","id":6283503},{"name":"КУІБі-17-1","id":6502987},{"name":"КУІБів-17-1","id":6875129},{"name":"КУІБ-18-1","id":6949788},{"name":"КУІБу-18-1","id":6949800},{"name":"КУІБі-18-1","id":7198725},{"name":"КУІБів-18-1","id":7495669},{"name":"КУІБ-19-1","id":7706321},{"name":"КУІБу-19-1","id":7706413},{"name":"КУІБі-19-1","id":7743971},{"name":"КУІБ-19-2","id":7983103},{"name":"МІВТу-14-1","id":5011010},{"name":"МІВТУ-14+МСС14-1","id":5060961},{"name":"МІВТ-15-1","id":5259422},{"name":"МІВТу-15-1","id":5265840},{"name":"МІВТУ-15-1+МСС-15-1","id":5493807},{"name":"МІВТУ-15-1+МІВТУ-14-1","id":5493817},{"name":"МВТм-18-1","id":6963524},{"name":"МВТм-19-1","id":7734508},{"name":"МСС-14-1","id":4801968},{"name":"МСС-15-1","id":5259292},{"name":"МСС-14-1+МІВТУ-15-1","id":5721715},{"name":"МСС-15-1+МТМВТУ-16-1","id":6615519},{"name":"МЗВЯПм-18-1","id":6963492},{"name":"МЗВЯПм-19-1","id":7734464},{"name":"МСС-14-1","id":4801968},{"name":"МСС-15-1","id":5259292},{"name":"МСС-14-1+МІВТУ-15-1","id":5721715},{"name":"МСС-15-1+МТМВТУ-16-1","id":6615519},{"name":"ЯССм-18-1","id":6963514},{"name":"ЯССм-19-1","id":7734494},{"name":"МСС-14-1","id":4801968},{"name":"МСС-15-1","id":5259292},{"name":"МСС-14-1+МІВТУ-15-1","id":5721715},{"name":"МСС-15-1+МТМВТУ-16-1","id":6615519},{"name":"МСС-14-1","id":4801968},{"name":"МСС-15-1","id":5259292},{"name":"МСС-14-1+МІВТУ-15-1","id":5721715},{"name":"МСС-15-1+МТМВТУ-16-1","id":6615519},{"name":"МТМВТ-16-1+МТМСС-16-1","id":5721703},{"name":"МТМВТ-16-1","id":5777719},{"name":"МТМВТу-16-1","id":5926149},{"name":"МТМВТУ-16-1+МСС-15-1","id":6009116},{"name":"МТМІВТу-17-1","id":6283423},{"name":"МТМСС-16-1","id":5777261},{"name":"МТМСС-16-1+ТРТК-16-2","id":6009128},{"name":"МТМСС-16-1+МТТЕУ-18-1","id":7334745},{"name":"МТТЕ-17-1","id":6283497},{"name":"МТТЕу-18-1","id":6949708},{"name":"МТТЕ-18-1","id":6949790},{"name":"МТТЕу-19-1","id":7706463},{"name":"МТТЕ-19-1","id":7706499},{"name":"ІМЗм-18-1","id":6963598},{"name":"ІМЗм-18-2","id":7202860},{"name":"ТК-14-1","id":4801908},{"name":"ТК-14-2","id":4801910},{"name":"ТК-14-3","id":4801928},{"name":"ТК-14-4","id":4801930},{"name":"ТКу-14-1","id":4802012},{"name":"ТКі-14-1","id":4901427},{"name":"ТК-14-1+МСС14-1","id":5060971},{"name":"ТК-15-1","id":5259294},{"name":"ТК-14-12","id":5259306},{"name":"ТК-15-3","id":5259318},{"name":"ТКу-15-1","id":5259320},{"name":"ТК-15-2","id":5259402},{"name":"ТК-15-4","id":5259426},{"name":"ТКі-15-1","id":5265834},{"name":"ТК-15-1+МСС-15-1","id":5493837},{"name":"ТСМм-18-1","id":6963584},{"name":"ТСМмі-18-1","id":7198731},{"name":"ТСМм-19-1","id":7734452},{"name":"ТСМмі-19-1","id":8009524},{"name":"ТСМімв-18-1","id":8009526},{"name":"ТК-14-1","id":4801908},{"name":"ТК-14-2","id":4801910},{"name":"ТК-14-3","id":4801928},{"name":"ТК-14-4","id":4801930},{"name":"ТКу-14-1","id":4802012},{"name":"ТКі-14-1","id":4901427},{"name":"ТК-14-1+МСС14-1","id":5060971},{"name":"ТК-15-1","id":5259294},{"name":"ТК-14-12","id":5259306},{"name":"ТК-15-3","id":5259318},{"name":"ТКу-15-1","id":5259320},{"name":"ТК-15-2","id":5259402},{"name":"ТК-15-4","id":5259426},{"name":"ТКі-15-1","id":5265834},{"name":"ТК-15-1+МСС-15-1","id":5493837},{"name":"ТК-14-1","id":4801908},{"name":"ТК-14-2","id":4801910},{"name":"ТК-14-3","id":4801928},{"name":"ТК-14-4","id":4801930},{"name":"ТКу-14-1","id":4802012},{"name":"ТКі-14-1","id":4901427},{"name":"ТК-14-1+МСС14-1","id":5060971},{"name":"ТК-15-1","id":5259294},{"name":"ТК-14-12","id":5259306},{"name":"ТК-15-3","id":5259318},{"name":"ТКу-15-1","id":5259320},{"name":"ТК-15-2","id":5259402},{"name":"ТК-15-4","id":5259426},{"name":"ТКі-15-1","id":5265834},{"name":"ТК-15-1+МСС-15-1","id":5493837},{"name":"ІКІм-18-1","id":6963600},{"name":"ІКІм-19-1","id":7734510},{"name":"ТРІКІ-17-1","id":6283451},{"name":"ТРІКІ-18-1","id":6949804},{"name":"ТРІКІ-19-1","id":7706299},{"name":"ТРІКІу-19-1","id":7706349},{"name":"ТРІКІ-17-1","id":6283451},{"name":"ТРІКІ-18-1","id":6949804},{"name":"ТРІКІ-19-1","id":7706299},{"name":"ТРІКІу-19-1","id":7706349},{"name":"ІМІм-18-1","id":6963522},{"name":"ІМІм-18-2","id":7227926},{"name":"ІМІм-19-1","id":7737454},{"name":"ІМІм-19-2","id":7737456},{"name":"ТРІМІ-17-1","id":6283465},{"name":"ТРІМІ-18-1","id":6949778},{"name":"ТРІМІу-18-1","id":6949836},{"name":"ТРІМІ-19-1","id":7706343},{"name":"ТРІМІу-19-1","id":7706519},{"name":"ТРІМІ-17-1","id":6283465},{"name":"ТРІМІ-18-1","id":6949778},{"name":"ТРІМІу-18-1","id":6949836},{"name":"ТРІМІ-19-1","id":7706343},{"name":"ТРІМІу-19-1","id":7706519},{"name":"ММЗм-19-1","id":7734430},{"name":"ТРТК-16-1","id":5721665},{"name":"ТРТК-16-2","id":5721745},{"name":"ТРТК-16-5","id":5721761},{"name":"ТРТКу-16-1","id":5721771},{"name":"ТРТК-16-4","id":5721781},{"name":"ТРТКі-16-1","id":5858276},{"name":"ТРТКу-17-1","id":6283445},{"name":"ТРТК-17-1","id":6283467},{"name":"ТРТК-17-2","id":6283471},{"name":"ТРТКу-17-2","id":6502385},{"name":"ТРТКі-17-1","id":6502989},{"name":"ТРТКі-16-2","id":6503300},{"name":"ТРТКів-17-1","id":6875125},{"name":"ТРТКу-18-1","id":6949704},{"name":"ТРТК-18-2","id":6949714},{"name":"ТРТК-18-1","id":6949746},{"name":"ТРТКі-18-1","id":7198727},{"name":"ТРТКів-18-1","id":7495671},{"name":"ТРТК-19-1","id":7706417},{"name":"ТРТК-19-2","id":7706529},{"name":"ТРТКі-19-1","id":7743969},{"name":"ТРТК-16-1","id":5721665},{"name":"ТРТК-16-2","id":5721745},{"name":"ТРТК-16-5","id":5721761},{"name":"ТРТКу-16-1","id":5721771},{"name":"ТРТК-16-4","id":5721781},{"name":"ТРТКі-16-1","id":5858276},{"name":"ТРТКу-17-1","id":6283445},{"name":"ТРТК-17-1","id":6283467},{"name":"ТРТК-17-2","id":6283471},{"name":"ТРТКу-17-2","id":6502385},{"name":"ТРТКі-17-1","id":6502989},{"name":"ТРТКі-16-2","id":6503300},{"name":"ТРТКів-17-1","id":6875125},{"name":"ТРТКу-18-1","id":6949704},{"name":"ТРТК-18-2","id":6949714},{"name":"ТРТК-18-1","id":6949746},{"name":"ТРТКі-18-1","id":7198727},{"name":"ТРТКів-18-1","id":7495671},{"name":"ТРТК-19-1","id":7706417},{"name":"ТРТК-19-2","id":7706529},{"name":"ТРТКі-19-1","id":7743969},{"name":"АМСЗІм-18-1","id":6963580},{"name":"АМСЗІм-18-2","id":7196707},{"name":"АМЗІмі-18-1","id":7198729},{"name":"АМЗІмів-18-1","id":7542563},{"name":"АМСЗІм-19-1","id":7737488},{"name":"АМСЗІм-19-2","id":7737490},{"name":"АМСЗІмі-19-1","id":8009522},{"name":"УІБ-14-1","id":4801990},{"name":"УІБ-15-1","id":5259274},{"name":"УІБ-14-1+МСС14-1","id":5060977},{"name":"УІБ-14-1","id":4801990},{"name":"УІБ-15-1","id":5259274},{"name":"УІБ-14-1","id":4801990},{"name":"УІБ-15-1","id":5259274},{"name":"ФНІГп-17-4","id":6515791},{"name":"ФНІГп-17-5","id":6515793},{"name":"ФНІГп-17-6","id":6515795},{"name":"ФНІГп-17-7","id":6515797},{"name":"ФНІГп-17-8","id":6515799},{"name":"ФНІГп-17-9","id":6515801},{"name":"ФНІГп-17-10","id":6515803},{"name":"ФНІГп-17-11","id":6574973},{"name":"ФНІГп-17-12","id":6574975},{"name":"ФНІГп-17-13","id":6574977},{"name":"ФНІГп-17-14","id":6574979},{"name":"ФНІГп-17-15","id":6574981},{"name":"ФНІГп-17-16","id":6587852},{"name":"ФНІГп-17-17","id":6587854},{"name":"ФНІГп-17-18","id":6587857},{"name":"ФНІГп-17-19","id":6587859},{"name":"ФНІГп-17-20","id":6587861},{"name":"ФНІГп-17-21","id":6607649},{"name":"ФНІГп-17-22","id":6607651},{"name":"ФНІГп-17-23","id":6607653},{"name":"ФНІГп-17-24","id":6607655},{"name":"ФНІГп-17-25","id":6607657},{"name":"ФНІГп-17-26","id":6654403},{"name":"ФНІГп-17-27","id":6654405},{"name":"ФНІГп-17-28","id":6654407},{"name":"ФНІГп-17-29","id":6654409},{"name":"ФНІГп-17-30","id":6654411},{"name":"ФНІГп-17-31","id":6839036},{"name":"ФНІГп-17-32","id":6839038},{"name":"ФНІГп-17-33","id":6839040},{"name":"ФНІГп-17-34","id":6839042},{"name":"ФНІГп-17-35","id":6839044},{"name":"ФНІГп-17-36","id":6881724},{"name":"ФНІГп-17-37","id":6881726},{"name":"ФНІГп-17-38","id":6881728},{"name":"ФНІГп-17-39","id":6881730},{"name":"ФНІГп-17-40","id":6881732},{"name":"ФНІГп-17-41","id":6922990},{"name":"ФНІГп-17-42","id":6922992},{"name":"ФНІГп-17-43","id":6922997},{"name":"ФНІГп-17-44","id":6923002},{"name":"ФНІГп-17-45","id":6923004},{"name":"ЕРАМ-18-1","id":6954883},{"name":"ЕРАМ-18-2","id":6954885},{"name":"ФНІГп-18-2","id":7210916},{"name":"ФНІГп-18-10","id":7210918},{"name":"ФНІГп-18-12","id":7210920},{"name":"ФНІГп-18-4","id":7210922},{"name":"ФНІГп-18-5","id":7210929},{"name":"ФНІГп-18-6","id":7210931},{"name":"ФНІГп-18-7","id":7210936},{"name":"ФНІГп-18-8","id":7210941},{"name":"ФНІГп-18-9","id":7210943},{"name":"ФНІГп-18-1","id":7212976},{"name":"ФНІГп-18-3","id":7264097},{"name":"ФНІГп-18-11","id":7281038},{"name":"ФНІГп-18-15","id":7281041},{"name":"ФНІГп-18-14","id":7281043},{"name":"ФНІГп-18-16","id":7281045},{"name":"ФНІГп-18-20","id":7312738},{"name":"ФНІГп-18-13","id":7314754},{"name":"ФНІГп-18-17","id":7462056},{"name":"ФНІГп-18-18","id":7462058},{"name":"ФНІГп-18-19","id":7462060},{"name":"ФНІГп-18-21","id":7675103},{"name":"ФНІГп-18-22","id":7675105},{"name":"ФНІГп-18-23","id":7675107},{"name":"ЕРАМ-19-1","id":7712042},{"name":"ЕРАМ-19-2","id":7712044},{"name":"ФНІГ-19-1","id":7997599},{"name":"ФНІГ-19-2","id":7997601},{"name":"ФНІГ-19-3","id":7997603},{"name":"ФНІГ-19-4","id":7997606},{"name":"ФНІГ-19-5","id":7997608},{"name":"КАФ-19-1","id":8004167},{"name":"КАФ-19-2","id":8004169},{"name":"ФНІГ-19-6","id":8053284},{"name":"ФНІГ-19-7","id":8053287},{"name":"ФНІГ-19-8","id":8053289},{"name":"ФНІГ-19-9","id":8053291},{"name":"ФНІГ-19-10","id":8053294},{"name":"ФНІГп-15-19","id":5653689},{"name":"ФНІГп-15-2","id":5660094},{"name":"ФНІГп-15-3","id":5660096},{"name":"ФНІГп-15-4","id":5668412},{"name":"ФНІГп-15-5","id":5668414},{"name":"ФНІГп-15-6","id":5668416},{"name":"ФНІГп-15-7","id":5668418},{"name":"ФНІГп-15-8","id":5668420},{"name":"ФНІГп-15-9","id":5668422},{"name":"ФНІГп-15-10","id":5668424},{"name":"ФНІГп-15-11","id":5668444},{"name":"ФНІГп-15-12","id":5668446},{"name":"ФНІГп-15-13","id":5668449},{"name":"ФНІГп-15-14","id":5668451},{"name":"ФНІГп-15-15","id":5668453},{"name":"ФНІГп-15-16","id":5668456},{"name":"ФНІГп-15-17","id":5668458},{"name":"ФНІГп-15-18","id":5668461},{"name":"ФНІГп-15-1","id":5669619},{"name":"ФНІГп-15-20","id":5692218},{"name":"ФНІГп-15-21","id":5695424},{"name":"ФНІГмп-15-1","id":5705733},{"name":"ФНІГмп-15-2","id":5716355},{"name":"ФНІГп-16-1","id":5947183},{"name":"ФНІГп-16-2","id":5947185},{"name":"ФНІГп-16-3","id":5947187},{"name":"ФНІГп-16-4","id":5947189},{"name":"ФНІГп-16-5","id":5954223},{"name":"ФНІГп-16-6","id":5954225},{"name":"ФНІГп-16-7","id":5954227},{"name":"ФНІГп-16-8","id":5954229},{"name":"ФНІГп-16-9","id":5960294},{"name":"ФНІГп-16-10","id":5960296},{"name":"ФНІГп-16-11","id":5960298},{"name":"ФНІГп-16-12","id":5960300},{"name":"ФНІГп-16-13","id":5960302},{"name":"ФНІГп-16-14","id":5960304},{"name":"ФНІГп-16-15","id":5974436},{"name":"ФНІГп-16-16","id":5974438},{"name":"ФНІГп-16-17","id":5974440},{"name":"ФНІГп-16-18","id":5976711},{"name":"ФНІГп-16-19","id":5976713},{"name":"ФНІГп-16-20","id":5976715},{"name":"ФНІГп-16-21","id":5985584},{"name":"ФНІГп-16-22","id":5985586},{"name":"ФНІГп-16-23","id":5985588},{"name":"ФНІГп-16-24","id":5985590},{"name":"ФНІГп-16-25","id":5985592},{"name":"ФНІГп-16-26","id":5985594},{"name":"ФНІГп-16-27","id":5985596},{"name":"ФНІГмп-16-01","id":5997672},{"name":"ФНІГмп-16-02","id":5997674},{"name":"ФНІГмп-16-03","id":5997676},{"name":"ФНІГп-16-28","id":5997678},{"name":"ФНІГп-16-29","id":5997680},{"name":"ФНІГп-16-30","id":5997682},{"name":"ФНІГп-16-31","id":5997684},{"name":"ФНІГп-16-32","id":5997686},{"name":"ФНІГп-16-33","id":5997688},{"name":"ФНІГп-16-34","id":6018899},{"name":"ФНІГп-16-35","id":6018916},{"name":"ФНІГп-16-36","id":6018920},{"name":"ФНІГп-16-37","id":6018922},{"name":"ФНІГп-16-38","id":6018924},{"name":"ФНІГп-16-39","id":6018926},{"name":"ФНІГп-16-40","id":6018928},{"name":"ФНІГп-16-41","id":6018931},{"name":"ФНІГп-16-42","id":6018933},{"name":"ФНІГп-16-43","id":6018935},{"name":"ФНІГп-16-44","id":6018937},{"name":"ФНІГп-16-45","id":6273255},{"name":"ФНІГп-17-1","id":6515785},{"name":"ФНІГп-17-2","id":6515787},{"name":"ФНІГп-17-3","id":6515789},{"name":"АСП-16-3","id":4060493},{"name":"АСП-16-2","id":4060495},{"name":"АСП-16-1","id":4060973},{"name":"ІКТм-18-1","id":6963568},{"name":"ІКТм-19-1","id":7734444},{"name":"АТ-14-1","id":4802030},{"name":"АТ-14-1+АТУ14-2","id":5060981},{"name":"АТ-15-1","id":5259372},{"name":"АТу-15-2","id":5259444},{"name":"АТ-15-1+ЕАТУ-16-2","id":5721685},{"name":"АТ-14-1+АТУ-15-2","id":5721707},{"name":"АТ-14-1","id":4802030},{"name":"АТ-14-1+АТУ14-2","id":5060981},{"name":"АТ-15-1","id":5259372},{"name":"АТу-15-2","id":5259444},{"name":"АТ-15-1+ЕАТУ-16-2","id":5721685},{"name":"АТ-14-1+АТУ-15-2","id":5721707},{"name":"ЕАТу-16-2","id":5721691},{"name":"ЕАТ-16-1","id":5721725},{"name":"ЕАТ-16-1+ЕАТУ-16-2","id":5721791},{"name":"СТМм-18-1","id":6963564},{"name":"СТМм-19-1","id":7734462},{"name":"ЕСТМу-17-2","id":6283393},{"name":"ЕСТМ-17-1","id":6283455},{"name":"ЕСТМу-18-1","id":6949672},{"name":"ЕСТМ-18-1","id":6949730},{"name":"ЕСТМу-18-2","id":7334781},{"name":"ЕСТМу-19-1","id":7706323},{"name":"ЕСТМ-19-1","id":7706501},{"name":"ЕСТМу-17-2","id":6283393},{"name":"ЕСТМ-17-1","id":6283455},{"name":"ЕСТМу-18-1","id":6949672},{"name":"ЕСТМ-18-1","id":6949730},{"name":"ЕСТМу-18-2","id":7334781},{"name":"ЕСТМу-19-1","id":7706323},{"name":"ЕСТМ-19-1","id":7706501},{"name":"СТЗІУ-14-3+АТУ14-2","id":5060967},{"name":"СТЗІАм-18-1","id":7062547},{"name":"СТЗІАм-18-2","id":7063688},{"name":"СТЗІАм-19-1","id":7734522},{"name":"ІВДЕу-18-1","id":6949670},{"name":"ІВДЕ-18-1","id":6949678},{"name":"ІКТу-17-1","id":6283427},{"name":"ІКТу-18-1","id":6949758},{"name":"ІКТ-18-1","id":7194031},{"name":"ІСТ-17-1","id":6497191},{"name":"ІСТ-18-1","id":6954806},{"name":"ІСМ-18-1","id":6954808},{"name":"ІСМу-18-1","id":7193731},{"name":"ІТІР-17-1","id":6497273},{"name":"ІТІР-18-1","id":6954799},{"name":"ІТІР-19-1","id":7706327},{"name":"ІТІРу-19-1","id":7706331},{"name":"ІТІР-19-1","id":7706327},{"name":"ІТІРу-19-1","id":7706331},{"name":"КСТЗІу-16-2","id":5721653},{"name":"КСТЗІ-16-1","id":5721785},{"name":"КСТЗІу-16-3","id":5925456},{"name":"КСТЗІу-17-2","id":6283363},{"name":"КСТЗІ-17-1","id":6283457},{"name":"КСТЗІу-18-1","id":6949802},{"name":"КСТЗІ-18-1","id":6949814},{"name":"КСТЗІу-19-1","id":7706357},{"name":"КСТЗІ-19-1","id":7706419},{"name":"МІм-19-1","id":7734446},{"name":"МІ-19-1","id":7706441},{"name":"МІу-19-1","id":7706453},{"name":"МІ-19-1","id":7706441},{"name":"МІу-19-1","id":7706453},{"name":"РТ-15-3","id":6283367},{"name":"РТ-15-2","id":6283387},{"name":"АРТм-18-1","id":6963482},{"name":"РТ-14-1","id":4802002},{"name":"РТу-15-2","id":5259330},{"name":"РТу-15-3","id":5259380},{"name":"РТ-15-1","id":5259448},{"name":"РТ-14-3","id":5721677},{"name":"РТ-14-2","id":5721767},{"name":"РТ-15-3","id":6283367},{"name":"РТ-15-2","id":6283387},{"name":"РПСКм-18-1","id":6963556},{"name":"ІВДЕм-18-1","id":6963576},{"name":"РПСКм-19-1","id":7734526},{"name":"РТ-14-1","id":4802002},{"name":"РТу-15-2","id":5259330},{"name":"РТу-15-3","id":5259380},{"name":"РТ-15-1","id":5259448},{"name":"РТ-14-3","id":5721677},{"name":"РТ-14-2","id":5721767},{"name":"РТ-15-3","id":6283367},{"name":"РТ-15-2","id":6283387},{"name":"РТ-15-1+АТ-15-1","id":5721723},{"name":"РТм-18-1","id":6963502},{"name":"РТм-19-1","id":7734458},{"name":"РТ-14-1","id":4802002},{"name":"РТу-15-2","id":5259330},{"name":"РТу-15-3","id":5259380},{"name":"РТ-15-1","id":5259448},{"name":"РТ-14-3","id":5721677},{"name":"РТ-14-2","id":5721767},{"name":"РТ-15-3","id":6283367},{"name":"РТ-15-2","id":6283387},{"name":"РТ-14-1","id":4802002},{"name":"РТу-15-2","id":5259330},{"name":"РТу-15-3","id":5259380},{"name":"РТ-15-1","id":5259448},{"name":"РТ-14-3","id":5721677},{"name":"РТ-14-2","id":5721767},{"name":"СТЗІ-14-1","id":4801966},{"name":"СТЗІу-15-2","id":5259282},{"name":"СТЗІ-15-1","id":5259450},{"name":"СТЗІу-15-3","id":5453883},{"name":"РЕБм-19-1","id":7734422},{"name":"ТРРТу-16-2","id":5721655},{"name":"ТРРТ-16-1+ЕАТ-16-1","id":5721699},{"name":"ТРРТу-16-3","id":5721719},{"name":"ТРРТ-16-1","id":5721755},{"name":"ТРРТу-16-4","id":5925459},{"name":"ТРРТу-17-2","id":6283379},{"name":"ТРРТу-17-3","id":6283431},{"name":"ТРРТ-17-1","id":6283481},{"name":"ТРРТу-17-4","id":6497286},{"name":"ТРРТу-18-1","id":6949694},{"name":"ТРРТ-18-1","id":6949744},{"name":"ТРРТ-16-2","id":6963377},{"name":"ТРРТ-16-3","id":6963379},{"name":"ТРРТу-19-1","id":7706301},{"name":"ТРРТ-19-1","id":7706537},{"name":"ТРРТ-17-2","id":7769602},{"name":"ТРРТ-17-3","id":7769604},{"name":"ТРРТу-18-2","id":7769606},{"name":"ТРРТу-18-3","id":7769608},{"name":"ТРРТу-16-2","id":5721655},{"name":"ТРРТ-16-1+ЕАТ-16-1","id":5721699},{"name":"ТРРТу-16-3","id":5721719},{"name":"ТРРТ-16-1","id":5721755},{"name":"ТРРТу-16-4","id":5925459},{"name":"ТРРТу-17-2","id":6283379},{"name":"ТРРТу-17-3","id":6283431},{"name":"ТРРТ-17-1","id":6283481},{"name":"ТРРТу-17-4","id":6497286},{"name":"ТРРТу-18-1","id":6949694},{"name":"ТРРТ-18-1","id":6949744},{"name":"ТРРТ-16-2","id":6963377},{"name":"ТРРТ-16-3","id":6963379},{"name":"ТРРТу-19-1","id":7706301},{"name":"ТРРТ-19-1","id":7706537},{"name":"ТРРТ-17-2","id":7769602},{"name":"ТРРТ-17-3","id":7769604},{"name":"ТРРТу-18-2","id":7769606},{"name":"ТРРТу-18-3","id":7769608},{"name":"БДІРм-18-1","id":6963606},{"name":"БДІРм-19-1","id":7734484},{"name":"БІКС-14-2","id":4801952},{"name":"БІКС-14-1","id":4802020},{"name":"БІКС-15-2","id":5259370},{"name":"БІКС-15-1","id":5259436},{"name":"БІКСм-18-1","id":6963594},{"name":"БІКСм-19-1","id":7734530},{"name":"БІКС-14-2","id":4801952},{"name":"БІКС-14-1","id":4802020},{"name":"БІКС-15-2","id":5259370},{"name":"БІКС-15-1","id":5259436},{"name":"БІКС-14-2","id":4801952},{"name":"БІКС-14-1","id":4802020},{"name":"БІКС-15-2","id":5259370},{"name":"БІКС-15-1","id":5259436},{"name":"КБІКС-16-1","id":5721689},{"name":"КБІКС-16-2","id":5721769},{"name":"КБІКС-17-2","id":6283413},{"name":"КБІКС-17-1","id":6283469},{"name":"КБІКС-17-3","id":6500294},{"name":"КБІКС-18-1","id":6949682},{"name":"КБІКСу-18-1","id":7191238},{"name":"КБІКС-18-2","id":7193372},{"name":"КБІКС-18-3","id":7194003},{"name":"КБІКСу-19-1","id":7706337},{"name":"КБІКС-19-2","id":7706375},{"name":"КБІКС-19-1","id":7706439},{"name":"КБІКС-19-3","id":7981727},{"name":"КСМм-18-1","id":6963528},{"name":"КСМм-19-1","id":7734514},{"name":"КІ-14-1","id":4801912},{"name":"КІ-14-2","id":4801932},{"name":"КІ-14-4","id":4802000},{"name":"КІ-14-3","id":4802022},{"name":"КІ-14-5","id":5007826},{"name":"КІу-14-6","id":5007828},{"name":"КІ-15-2","id":5259280},{"name":"КІ-15-1","id":5259302},{"name":"КІ-15-3","id":5259340},{"name":"КІ-15-4","id":5259360},{"name":"КІ-15-5","id":5259362},{"name":"КІу-15-6","id":5451501},{"name":"КІ-14-7","id":5721711},{"name":"КІ-14-1+КІИ-14-1","id":6009120},{"name":"КІ-15-6","id":6283399},{"name":"КІи-15-1_нет","id":6982740},{"name":"СКСм-18-1","id":6963608},{"name":"СКСм-18-2","id":7202079},{"name":"СКСм-19-1","id":7734476},{"name":"СКСм-19-2","id":8007347},{"name":"КІ-14-1","id":4801912},{"name":"КІ-14-2","id":4801932},{"name":"КІ-14-4","id":4802000},{"name":"КІ-14-3","id":4802022},{"name":"КІ-14-5","id":5007826},{"name":"КІу-14-6","id":5007828},{"name":"КІ-15-2","id":5259280},{"name":"КІ-15-1","id":5259302},{"name":"КІ-15-3","id":5259340},{"name":"КІ-15-4","id":5259360},{"name":"КІ-15-5","id":5259362},{"name":"КІу-15-6","id":5451501},{"name":"КІ-14-7","id":5721711},{"name":"КІ-14-1+КІИ-14-1","id":6009120},{"name":"КІ-15-6","id":6283399},{"name":"КІи-15-1_нет","id":6982740},{"name":"СПм-18-2","id":6963554},{"name":"СПм-18-1","id":6963570},{"name":"СПм-18-3","id":7202077},{"name":"СПм-19-2","id":7734436},{"name":"СПм-19-1","id":7734474},{"name":"СПм-19-3","id":8007353},{"name":"КІ-14-1","id":4801912},{"name":"КІ-14-2","id":4801932},{"name":"КІ-14-4","id":4802000},{"name":"КІ-14-3","id":4802022},{"name":"КІ-14-5","id":5007826},{"name":"КІу-14-6","id":5007828},{"name":"КІ-15-2","id":5259280},{"name":"КІ-15-1","id":5259302},{"name":"КІ-15-3","id":5259340},{"name":"КІ-15-4","id":5259360},{"name":"КІ-15-5","id":5259362},{"name":"КІу-15-6","id":5451501},{"name":"КІ-14-7","id":5721711},{"name":"КІ-14-1+КІИ-14-1","id":6009120},{"name":"КІ-15-6","id":6283399},{"name":"КІи-15-1_нет","id":6982740},{"name":"КІ-14-1","id":4801912},{"name":"КІ-14-2","id":4801932},{"name":"КІ-14-4","id":4802000},{"name":"КІ-14-3","id":4802022},{"name":"КІ-14-5","id":5007826},{"name":"КІу-14-6","id":5007828},{"name":"КІ-15-2","id":5259280},{"name":"КІ-15-1","id":5259302},{"name":"КІ-15-3","id":5259340},{"name":"КІ-15-4","id":5259360},{"name":"КІ-15-5","id":5259362},{"name":"КІу-15-6","id":5451501},{"name":"КІ-14-7","id":5721711},{"name":"КІ-14-1+КІИ-14-1","id":6009120},{"name":"КІ-15-6","id":6283399},{"name":"КІи-15-1_нет","id":6982740},{"name":"КІУКІ-17-8","id":6497251},{"name":"КІУКІу-17-10","id":6497376},{"name":"КІУКІ-18-3","id":6949642},{"name":"КІУКІ-18-1","id":6949676},{"name":"КІУКІ-18-7","id":6949680},{"name":"КІУКІ-18-5","id":6949692},{"name":"КІУКІ-18-6","id":6949710},{"name":"КІУКІ-18-4","id":6949742},{"name":"КІУКІу-18-1","id":6949760},{"name":"КІУКІ-18-2","id":6949766},{"name":"КІУКІ-18-8","id":6949770},{"name":"КІУКІу-18-2","id":6949820},{"name":"КІУКІ-19-6","id":7706365},{"name":"КІУКІ-19-7","id":7706367},{"name":"КІУКІу-19-1","id":7706369},{"name":"КІУКІу-19-2","id":7706371},{"name":"КІУКІ-19-1","id":7706377},{"name":"КІУКІ-19-2","id":7706397},{"name":"КІУКІ-19-4","id":7706399},{"name":"КІУКІ-19-8","id":7706433},{"name":"КІУКІ-19-9","id":7706475},{"name":"КІУКІ-19-3","id":7706523},{"name":"КІУКІ-19-5","id":7981723},{"name":"КІУКІ-19-10","id":7981725},{"name":"КІТм-19-1","id":7734512},{"name":"КІУКІ-16-1","id":5721651},{"name":"КІУКІу-16-9","id":5721669},{"name":"КІУКІ-16-6","id":5721671},{"name":"КІУКІ-16-4","id":5721679},{"name":"КІУКІ-16-2","id":5721697},{"name":"КІУКІ-16-3","id":5721763},{"name":"КІУКІ-16-5","id":5924154},{"name":"КІУКІ-16-7","id":5924156},{"name":"КІУКІу-16-8","id":5924158},{"name":"КІУКІ-17-3","id":6283377},{"name":"КІУКІ-17-1","id":6283403},{"name":"КІУКІ-17-4","id":6283405},{"name":"КІУКІ-17-2","id":6283429},{"name":"КІУКІ-17-5","id":6283461},{"name":"КІУКІу-17-9","id":6283477},{"name":"КІУКІ-17-6","id":6497234},{"name":"КІУКІ-17-7","id":6497245},{"name":"КІУКІ-17-8","id":6497251},{"name":"КІУКІу-17-10","id":6497376},{"name":"КІУКІ-18-3","id":6949642},{"name":"КІУКІ-18-1","id":6949676},{"name":"КІУКІ-18-7","id":6949680},{"name":"КІУКІ-18-5","id":6949692},{"name":"КІУКІ-18-6","id":6949710},{"name":"КІУКІ-18-4","id":6949742},{"name":"КІУКІу-18-1","id":6949760},{"name":"КІУКІ-18-2","id":6949766},{"name":"КІУКІ-18-8","id":6949770},{"name":"КІУКІу-18-2","id":6949820},{"name":"КІУКІ-19-6","id":7706365},{"name":"КІУКІ-19-7","id":7706367},{"name":"КІУКІу-19-1","id":7706369},{"name":"КІУКІу-19-2","id":7706371},{"name":"КІУКІ-19-1","id":7706377},{"name":"КІУКІ-19-2","id":7706397},{"name":"КІУКІ-19-4","id":7706399},{"name":"КІУКІ-19-8","id":7706433},{"name":"КІУКІ-19-9","id":7706475},{"name":"КІУКІ-19-3","id":7706523},{"name":"КІУКІ-19-5","id":7981723},{"name":"КІУКІ-19-10","id":7981725},{"name":"КІУКІ-16-1","id":5721651},{"name":"КІУКІу-16-9","id":5721669},{"name":"КІУКІ-16-6","id":5721671},{"name":"КІУКІ-16-4","id":5721679},{"name":"КІУКІ-16-2","id":5721697},{"name":"КІУКІ-16-3","id":5721763},{"name":"КІУКІ-16-5","id":5924154},{"name":"КІУКІ-16-7","id":5924156},{"name":"КІУКІу-16-8","id":5924158},{"name":"КІУКІ-17-3","id":6283377},{"name":"КІУКІ-17-1","id":6283403},{"name":"КІУКІ-17-4","id":6283405},{"name":"КІУКІ-17-2","id":6283429},{"name":"КІУКІ-17-5","id":6283461},{"name":"КІУКІу-17-9","id":6283477},{"name":"КІУКІ-17-6","id":6497234},{"name":"КІУКІ-17-7","id":6497245},{"name":"ВПВПС-16-1","id":5721789},{"name":"ВПВПС-16-2","id":5927428},{"name":"ВПВПСу-17-1","id":6283369},{"name":"ВПВПС-17-1","id":6283389},{"name":"ВПВПС-17-2","id":6496569},{"name":"ВПВПСу-18-1","id":6949736},{"name":"ВПВПС-18-1","id":6949754},{"name":"ВПВПС-18-2","id":6949808},{"name":"ВПВПС-18-3","id":7196049},{"name":"ВПВПС-19-1","id":7706309},{"name":"ВПВПС-19-2","id":7706313},{"name":"ВПВПСу-19-1","id":7725448},{"name":"ВПВПС-19-3","id":7980308},{"name":"КТСВПВм-18-1","id":6963532},{"name":"КТСВПВм-19-1","id":7734448},{"name":"ВПС-14-1","id":4801938},{"name":"ВПС-14-2","id":4801962},{"name":"ВПС-15-1","id":5259400},{"name":"ВПС-15-2","id":5451498},{"name":"ТДВм-18-1","id":6963542},{"name":"ТДВм-19-1","id":7734472},{"name":"ВПС-14-1","id":4801938},{"name":"ВПС-14-2","id":4801962},{"name":"ВПС-15-1","id":5259400},{"name":"ВПС-15-2","id":5451498},{"name":"ТЕМВм-18-1","id":6963504},{"name":"ТЕМВм-19-1","id":7734532},{"name":"ВПС-14-1","id":4801938},{"name":"ВПС-14-2","id":4801962},{"name":"ВПС-15-1","id":5259400},{"name":"ВПС-15-2","id":5451498},{"name":"ВПС-14-1","id":4801938},{"name":"ВПС-14-2","id":4801962},{"name":"ВПС-15-1","id":5259400},{"name":"ВПС-15-2","id":5451498},{"name":"УПГІТм-18-1","id":6963566},{"name":"УПГІТм-19-1","id":7734528},{"name":"ІТКН-16-9","id":5721667},{"name":"ІТКН-16-4","id":5721693},{"name":"ІТКН-16-7","id":5721737},{"name":"ІТКН-16-3","id":5721739},{"name":"ІТКН-16-1","id":5721773},{"name":"ІТКН-16-6","id":5721775},{"name":"ІТКНу-16-1","id":5721777},{"name":"ІТКН-16-2","id":5927834},{"name":"ІТКН-16-5","id":5927836},{"name":"ІТКН-16-8","id":5927838},{"name":"ІТКН-17-5","id":6283381},{"name":"ІТКН-17-2","id":6283383},{"name":"ІТКНу-17-1","id":6283395},{"name":"ІТКН-17-6","id":6283417},{"name":"ІТКН-17-4","id":6283433},{"name":"ІТКН-17-1","id":6283491},{"name":"ІТКН-17-3","id":6283493},{"name":"ІТКН-17-9","id":6496526},{"name":"ІТКН-17-7","id":6496529},{"name":"ІТКН-17-8","id":6496536},{"name":"ІТКНу-17-2","id":6509088},{"name":"ІТКНу-18-1","id":6949644},{"name":"ІТКН-18-9","id":6949662},{"name":"ІТКН-18-1","id":6949666},{"name":"ІТКН-18-3","id":6949668},{"name":"ІТКН-18-7","id":6949698},{"name":"ІТКН-18-2","id":6949756},{"name":"ІТКН-18-8","id":6949806},{"name":"ІТКН-18-6","id":7193630},{"name":"ІТКН-18-4","id":7193632},{"name":"ІТКНу-18-2","id":7193634},{"name":"ІТКН-18-5","id":7193689},{"name":"ІТКН-18-10","id":7221593},{"name":"ІТКН-18-11","id":7221595},{"name":"ІТКН-18-12","id":7221597},{"name":"ІТКНу-19-2","id":7706361},{"name":"ІТКНу-19-1","id":7706443},{"name":"ІТКН-16-9","id":5721667},{"name":"ІТКН-16-4","id":5721693},{"name":"ІТКН-16-7","id":5721737},{"name":"ІТКН-16-3","id":5721739},{"name":"ІТКН-16-1","id":5721773},{"name":"ІТКН-16-6","id":5721775},{"name":"ІТКНу-16-1","id":5721777},{"name":"ІТКН-16-2","id":5927834},{"name":"ІТКН-16-5","id":5927836},{"name":"ІТКН-16-8","id":5927838},{"name":"ІТКН-17-5","id":6283381},{"name":"ІТКН-17-2","id":6283383},{"name":"ІТКНу-17-1","id":6283395},{"name":"ІТКН-17-6","id":6283417},{"name":"ІТКН-17-4","id":6283433},{"name":"ІТКН-17-1","id":6283491},{"name":"ІТКН-17-3","id":6283493},{"name":"ІТКН-17-9","id":6496526},{"name":"ІТКН-17-7","id":6496529},{"name":"ІТКН-17-8","id":6496536},{"name":"ІТКНу-17-2","id":6509088},{"name":"ІТКНу-18-1","id":6949644},{"name":"ІТКН-18-9","id":6949662},{"name":"ІТКН-18-1","id":6949666},{"name":"ІТКН-18-3","id":6949668},{"name":"ІТКН-18-7","id":6949698},{"name":"ІТКН-18-2","id":6949756},{"name":"ІТКН-18-8","id":6949806},{"name":"ІТКН-18-6","id":7193630},{"name":"ІТКН-18-4","id":7193632},{"name":"ІТКНу-18-2","id":7193634},{"name":"ІТКН-18-5","id":7193689},{"name":"ІТКН-18-10","id":7221593},{"name":"ІТКН-18-11","id":7221595},{"name":"ІТКН-18-12","id":7221597},{"name":"ІТКНу-19-2","id":7706361},{"name":"ІТКНу-19-1","id":7706443},{"name":"ІТУ-19-2","id":7706329},{"name":"ІТУ-19-1","id":7706477},{"name":"ІТШІ-17-1","id":6496546},{"name":"ІТШІ-18-1","id":6949664},{"name":"ІТШІ-18-2","id":7193698},{"name":"ІТШІ-19-1","id":7706395},{"name":"ІТШІ-19-2","id":7706513},{"name":"ІТШІ-19-3","id":7706515},{"name":"ІТШІ-19-4","id":7993741},{"name":"ІТПм-18-1","id":6963558},{"name":"ІТПм-19-1","id":7734420},{"name":"КН-14-3","id":4801950},{"name":"КН-14-1","id":4801980},{"name":"КН-14-6","id":4801996},{"name":"КН-14-5","id":4801998},{"name":"КН-14-2","id":4802018},{"name":"КН-14-4","id":5008859},{"name":"КН-15-4","id":5259288},{"name":"КН-15-6","id":5259316},{"name":"КН-15-3","id":5259344},{"name":"КН-15-5","id":5259346},{"name":"КН-15-2","id":5259418},{"name":"КН-15-1","id":5259442},{"name":"КН-14-14","id":5493809},{"name":"КН-14-11","id":5493823},{"name":"КН-14-13","id":5493825},{"name":"КН-14-12","id":5493831},{"name":"ІУСТм-18-1","id":6963498},{"name":"ІУСТм-19-1","id":7734516},{"name":"КН-14-3","id":4801950},{"name":"КН-14-1","id":4801980},{"name":"КН-14-6","id":4801996},{"name":"КН-14-5","id":4801998},{"name":"КН-14-2","id":4802018},{"name":"КН-14-4","id":5008859},{"name":"КН-15-4","id":5259288},{"name":"КН-15-6","id":5259316},{"name":"КН-15-3","id":5259344},{"name":"КН-15-5","id":5259346},{"name":"КН-15-2","id":5259418},{"name":"КН-15-1","id":5259442},{"name":"КН-14-14","id":5493809},{"name":"КН-14-11","id":5493823},{"name":"КН-14-13","id":5493825},{"name":"КН-14-12","id":5493831},{"name":"ПЗСм-18-1","id":6963506},{"name":"ПЗСм-19-1","id":7734466},{"name":"КН-14-3","id":4801950},{"name":"КН-14-1","id":4801980},{"name":"КН-14-6","id":4801996},{"name":"КН-14-5","id":4801998},{"name":"КН-14-2","id":4802018},{"name":"КН-14-4","id":5008859},{"name":"КН-15-4","id":5259288},{"name":"КН-15-6","id":5259316},{"name":"КН-15-3","id":5259344},{"name":"КН-15-5","id":5259346},{"name":"КН-15-2","id":5259418},{"name":"КН-15-1","id":5259442},{"name":"КН-14-14","id":5493809},{"name":"КН-14-11","id":5493823},{"name":"КН-14-13","id":5493825},{"name":"КН-14-12","id":5493831},{"name":"СПРм-18-1","id":6963602},{"name":"СПРм-18-2","id":6963604},{"name":"СПРм-19-1","id":7734460},{"name":"СПРм-19-2","id":7734468},{"name":"КН-14-3","id":4801950},{"name":"КН-14-1","id":4801980},{"name":"КН-14-6","id":4801996},{"name":"КН-14-5","id":4801998},{"name":"КН-14-2","id":4802018},{"name":"КН-14-4","id":5008859},{"name":"КН-15-4","id":5259288},{"name":"КН-15-6","id":5259316},{"name":"КН-15-3","id":5259344},{"name":"КН-15-5","id":5259346},{"name":"КН-15-2","id":5259418},{"name":"КН-15-1","id":5259442},{"name":"КН-14-14","id":5493809},{"name":"КН-14-11","id":5493823},{"name":"КН-14-13","id":5493825},{"name":"КН-14-12","id":5493831},{"name":"СШІм-18-4","id":6963582},{"name":"СШІм-18-3","id":6963596},{"name":"СШІм-18-1","id":6984160},{"name":"СШІм-18-5","id":6984162},{"name":"СШІм-18-2","id":7198369},{"name":"СШІм-19-1","id":7734454},{"name":"СШІм-19-2","id":7734490},{"name":"КН-14-3","id":4801950},{"name":"КН-14-1","id":4801980},{"name":"КН-14-6","id":4801996},{"name":"КН-14-5","id":4801998},{"name":"КН-14-2","id":4802018},{"name":"КН-14-4","id":5008859},{"name":"КН-15-4","id":5259288},{"name":"КН-15-6","id":5259316},{"name":"КН-15-3","id":5259344},{"name":"КН-15-5","id":5259346},{"name":"КН-15-2","id":5259418},{"name":"КН-15-1","id":5259442},{"name":"КН-14-14","id":5493809},{"name":"КН-14-11","id":5493823},{"name":"КН-14-13","id":5493825},{"name":"КН-14-12","id":5493831},{"name":"КН-14-3","id":4801950},{"name":"КН-14-1","id":4801980},{"name":"КН-14-6","id":4801996},{"name":"КН-14-5","id":4801998},{"name":"КН-14-2","id":4802018},{"name":"КН-14-4","id":5008859},{"name":"КН-15-4","id":5259288},{"name":"КН-15-6","id":5259316},{"name":"КН-15-3","id":5259344},{"name":"КН-15-5","id":5259346},{"name":"КН-15-2","id":5259418},{"name":"КН-15-1","id":5259442},{"name":"КН-14-14","id":5493809},{"name":"КН-14-11","id":5493823},{"name":"КН-14-13","id":5493825},{"name":"КН-14-12","id":5493831},{"name":"КНТ-19-2","id":7706373},{"name":"КНТ-19-1","id":7706517},{"name":"КНТ-19-3","id":7993747},{"name":"КНТ-19-4","id":7993749},{"name":"КНТ-19-5","id":7993751},{"name":"ПЗПІ-16-2","id":5721659},{"name":"ПЗПІ-16-3","id":5721681},{"name":"ПЗПІ-16-1","id":5721727},{"name":"ПЗПІ-16-4","id":5721751},{"name":"ПЗПІ-16-6","id":5721753},{"name":"ПЗПІ-16-5","id":5721765},{"name":"ПЗПІ-16-7","id":5927820},{"name":"ПЗПІ-16-8","id":5927832},{"name":"ПЗПІ-17-1","id":6283365},{"name":"ПЗПІ-17-2","id":6283375},{"name":"ПЗПІ-17-7","id":6283409},{"name":"ПЗПІ-17-5","id":6283463},{"name":"ПЗПІ-17-6","id":6283489},{"name":"ПЗПІ-17-3","id":6496576},{"name":"ПЗПІ-17-4","id":6496579},{"name":"ПЗПІ-17-8","id":6496585},{"name":"ПЗПІ-17-9","id":6496598},{"name":"ПЗПІ-18-9","id":6949654},{"name":"ПЗПІ-18-6","id":6949688},{"name":"ПЗПІ-18-3","id":6949706},{"name":"ПЗПІ-18-7","id":6949724},{"name":"ПЗПІ-18-8","id":6949726},{"name":"ПЗПІ-18-1","id":6949772},{"name":"ПЗПІ-18-4","id":6949774},{"name":"ПЗПІ-18-2","id":6949830},{"name":"ПЗПІ-18-10","id":7195529},{"name":"ПЗПІ-18-5","id":7195531},{"name":"ПЗПІ-18-11","id":7195533},{"name":"ПЗПІ-17-10","id":7197629},{"name":"ПЗПІ-19-8","id":7706315},{"name":"ПЗПІ-19-9","id":7706363},{"name":"ПЗПІ-19-6","id":7706393},{"name":"ПЗПІ-19-1","id":7706427},{"name":"ПЗПІ-19-3","id":7706429},{"name":"ПЗПІ-19-7","id":7706507},{"name":"ПЗПІ-19-2","id":7706511},{"name":"ПЗПІ-19-11","id":7985980},{"name":"ПЗПІ-19-10","id":7985982},{"name":"ПЗПІ-19-5","id":7985986},{"name":"ПЗПІ-19-4","id":7985998},{"name":"ІПЗм-18-1","id":6963486},{"name":"ІПЗм-18-2","id":7188427},{"name":"ІПЗм-18-3","id":7188429},{"name":"ІПЗм-18-4","id":7208908},{"name":"ІПЗм-19-1","id":7734482},{"name":"ІПЗм-19-2","id":7988839},{"name":"ІПЗм-19-3","id":7988841},{"name":"ПІ-14-3","id":4801920},{"name":"ПІ-14-4","id":4801922},{"name":"ПІ-14-5","id":4801924},{"name":"ПІ-14-2","id":4801972},{"name":"ПІ-14-1","id":4801986},{"name":"ПІ-14-6","id":5008857},{"name":"ПІ-15-3","id":5259276},{"name":"ПІ-15-6","id":5259300},{"name":"ПІ-15-1","id":5259324},{"name":"ПІ-15-2","id":5259326},{"name":"ПІ-15-5","id":5259356},{"name":"ПІ-15-4","id":5259430},{"name":"ПІ-14-3","id":4801920},{"name":"ПІ-14-4","id":4801922},{"name":"ПІ-14-5","id":4801924},{"name":"ПІ-14-2","id":4801972},{"name":"ПІ-14-1","id":4801986},{"name":"ПІ-14-6","id":5008857},{"name":"ПІ-15-3","id":5259276},{"name":"ПІ-15-6","id":5259300},{"name":"ПІ-15-1","id":5259324},{"name":"ПІ-15-2","id":5259326},{"name":"ПІ-15-5","id":5259356},{"name":"ПІ-15-4","id":5259430},{"name":"АУТПзм-18-1","id":7222894},{"name":"АУТПзм-19-1","id":7995144},{"name":"АКІТз-13-1","id":4316837},{"name":"АКІТз-14-1","id":4811601},{"name":"АКІТз-15-1","id":5921705},{"name":"АКІТз-13-1","id":4316837},{"name":"АКІТз-14-1","id":4811601},{"name":"АКІТз-15-1","id":5921705},{"name":"АКТАКІТз-17-1","id":6500239},{"name":"АКТАКІТз-18-1","id":7221190},{"name":"АКТАКІТз-19-1","id":7985715},{"name":"БІБМІз-17-1","id":6500241},{"name":"БІБМІз-16-3","id":6518449},{"name":"БІБМІз-16-1","id":6620800},{"name":"БІБМІз-18-1","id":7221192},{"name":"БІБМІз-17-2","id":7237194},{"name":"БІБМІз-19-1","id":7985717},{"name":"БМІзм-19-1","id":7994445},{"name":"БІКСзм-19-1","id":7995268},{"name":"БМІз-15-1+БМІз-15-2","id":6353562},{"name":"БМІз-14-1","id":7053823},{"name":"БМІзм-18-1","id":7222896},{"name":"БМІза-12_13-1","id":4786100},{"name":"БМІзу-14-1","id":5015680},{"name":"БМІз-14-1","id":5070741},{"name":"БМІзу-14-2","id":5070745},{"name":"БМІз-14-3","id":5457513},{"name":"БМІз-15-1","id":5921711},{"name":"БМІз-15-2","id":5935892},{"name":"БМІз-16-2","id":6500261},{"name":"БМІза-12_13-1","id":4786100},{"name":"БМІзу-14-1","id":5015680},{"name":"БМІз-14-1","id":5070741},{"name":"БМІзу-14-2","id":5070745},{"name":"БМІз-14-3","id":5457513},{"name":"БМІз-15-1","id":5921711},{"name":"БМІз-15-2","id":5935892},{"name":"БМІз-16-2","id":6500261},{"name":"ВПВПСз-17-1","id":6500243},{"name":"ВПВПСз-18-1","id":7221184},{"name":"ВПВПСЗ-18-1+ПЗПІЗ-18-1","id":7769679},{"name":"ВПВПСЗ-17-1+ТРІМІЗ-17-1+ТРІКІЗ-17-1","id":7769691},{"name":"ВПВПСз-19-1","id":7985713},{"name":"КТСВПВзм-18-1","id":7222904},{"name":"КТСВПВзм-19-1","id":7995266},{"name":"ВПСз-14-1","id":4811599},{"name":"ВПСз-15-1","id":6507013},{"name":"ВПСз-14-1","id":4811599},{"name":"ВПСз-15-1","id":6507013},{"name":"УФЕБзм-18-1","id":7222898},{"name":"УФЕБзм-19-1","id":8038888},{"name":"ЕЕКз-16-1","id":5991864},{"name":"ЕЕКз-17-2","id":6500245},{"name":"ЕЕКз-17-1","id":6620798},{"name":"ЕЕКз-18-1","id":7221186},{"name":"ЕЕКЗ-18-1+ВПВПСЗ-18-1+ПЗПІЗ-18-1+МТОТЗУ-18-1","id":7769673},{"name":"ЕЕКЗ-18-1+КІУКІЗ-18-1","id":7769675},{"name":"ЕЕКЗ-17-1+АКТАКІТЗ-17-1","id":7769681},{"name":"ЕЕКЗ-18-1+ВПВПСЗ-18-1+ПЗПІЗ-18-1","id":7769689},{"name":"ЕЕКз-16-1","id":5991864},{"name":"ЕЕКз-17-2","id":6500245},{"name":"ЕЕКз-17-1","id":6620798},{"name":"ЕЕКз-18-1","id":7221186},{"name":"ЕЕКЗ-18-1+ВПВПСЗ-18-1+ПЗПІЗ-18-1+МТОТЗУ-18-1","id":7769673},{"name":"ЕЕКЗ-18-1+КІУКІЗ-18-1","id":7769675},{"name":"ЕЕКЗ-17-1+АКТАКІТЗ-17-1","id":7769681},{"name":"ЕЕКЗ-18-1+ВПВПСЗ-18-1+ПЗПІЗ-18-1","id":7769689},{"name":"ЕЕПСз-18-1","id":7221202},{"name":"ЕКз-14-1","id":4811591},{"name":"ЕКз-15-1","id":5705255},{"name":"ЕКз-13-2","id":5921717},{"name":"ЕППзм-18-1","id":7222902},{"name":"ЕППзм-19-1","id":7994956},{"name":"КІЗ-16-1+ТКЗ-16-1","id":6107979},{"name":"КІЗ-16-1+ТКЗ-16-1","id":6107979},{"name":"ЕКз-13-1","id":4316843},{"name":"ЕПСз-13-1","id":4316859},{"name":"ЕПСз-14-1","id":4811595},{"name":"ЕПСЗ-14-1+БМІЗ-14-1","id":5070755},{"name":"СТЗІз-13-1","id":4316871},{"name":"СТЗІАзм-18-1","id":7224388},{"name":"СТЗІАзм-19-1","id":7994777},{"name":"ІТКНз-16-1","id":5936090},{"name":"ІТКНз-17-1","id":6500247},{"name":"ІТКНз-18-1","id":7221178},{"name":"ІТКНЗ-16-1+ТРТКЗ-16-1","id":7769677},{"name":"ІТКНЗ-18-1+ІТШІЗ-18-1","id":7769685},{"name":"ІТУз-19-1","id":7985729},{"name":"ІТШІз-18-1","id":7221182},{"name":"ІТШІз-19-7","id":7985719},{"name":"КБІКСз-19-1","id":7985727},{"name":"КСМзм-18-1","id":7222906},{"name":"КСМзм-19-1","id":7995264},{"name":"КІз-13-1","id":4316879},{"name":"КІз-14-1","id":4811593},{"name":"КІз-15-1","id":5458826},{"name":"КІз-13-2","id":5461250},{"name":"КІЗ-15-1+ПІЗ-15-1+ТКЗ-15-1","id":5603477},{"name":"КІЗ-15-1+ТКЗ-15-1","id":5603479},{"name":"КІз-14-2","id":5931770},{"name":"КІз-16-1","id":6107973},{"name":"КІз-15-2","id":6506805},{"name":"КІз-14-3","id":6568999},{"name":"СПзм-18-2","id":7222908},{"name":"СПзм-18-1","id":7222910},{"name":"СПзм-19-1","id":7999977},{"name":"СПзм-19-2","id":7999979},{"name":"СПзм-19-3","id":8039379},{"name":"КІз-13-1","id":4316879},{"name":"КІз-14-1","id":4811593},{"name":"КІз-15-1","id":5458826},{"name":"КІз-13-2","id":5461250},{"name":"КІЗ-15-1+ПІЗ-15-1+ТКЗ-15-1","id":5603477},{"name":"КІЗ-15-1+ТКЗ-15-1","id":5603479},{"name":"КІз-14-2","id":5931770},{"name":"КІз-16-1","id":6107973},{"name":"КІз-15-2","id":6506805},{"name":"КІз-14-3","id":6568999},{"name":"КІз-13-1","id":4316879},{"name":"КІз-14-1","id":4811593},{"name":"КІз-15-1","id":5458826},{"name":"КІз-13-2","id":5461250},{"name":"КІЗ-15-1+ПІЗ-15-1+ТКЗ-15-1","id":5603477},{"name":"КІЗ-15-1+ТКЗ-15-1","id":5603479},{"name":"КІз-14-2","id":5931770},{"name":"КІз-16-1","id":6107973},{"name":"КІз-15-2","id":6506805},{"name":"КІз-14-3","id":6568999},{"name":"КІУКІз-16-1","id":5929392},{"name":"КІУКІз-17-1","id":6500249},{"name":"КІУКІз-18-1","id":7221204},{"name":"КІУКІз-16-2","id":7237196},{"name":"КІУКІз-19-1","id":7985725},{"name":"КІУКІз-17-2","id":8031042},{"name":"КІУКІз-17-3","id":8039374},{"name":"КІУКІз-16-3","id":8039376},{"name":"ІУСТзм-18-1","id":7222916},{"name":"КНз-13-1","id":4316851},{"name":"КНз-14-1","id":4811605},{"name":"ПЗСзм-18-1","id":7222900},{"name":"КНз-13-1","id":4316851},{"name":"КНз-14-1","id":4811605},{"name":"СШІзм-18-1","id":7222914},{"name":"СШІзм-19-1","id":7995260},{"name":"КНз-13-1","id":4316851},{"name":"КНз-14-1","id":4811605},{"name":"КНз-13-1","id":4316851},{"name":"КНз-14-1","id":4811605},{"name":"КСТЗІз-17-1","id":6522928},{"name":"КСТЗІз-19-1","id":8002287},{"name":"ЛОЕТзм-18-1","id":7222918},{"name":"ВПСз-13-1","id":4316857},{"name":"МТОТзу-18-1","id":7221232},{"name":"ПЗПІз-16-1","id":5929394},{"name":"ПЗПІз-17-1","id":6500237},{"name":"ПЗПІз-18-1","id":7221180},{"name":"ПЗПІз-19-1","id":7985721},{"name":"ПЗCзм-19-1","id":7994434},{"name":"ПІз-13-1","id":4316861},{"name":"ПІз-14-1","id":4811603},{"name":"ПІз-15-1","id":5458833},{"name":"ПІз-16-1","id":6107989},{"name":"РЕАз-13-1","id":5921707},{"name":"РЕАз-14-2","id":5921713},{"name":"РТзм-18-1","id":7224390},{"name":"РТз-14-1","id":4811597},{"name":"РТз-14-1","id":4811597},{"name":"ІМЗзм-18-1","id":7224394},{"name":"ІМЗзм-18-2","id":7224396},{"name":"ІМЗзм-19-1","id":7989387},{"name":"ІМЗзм-19-2","id":7989401},{"name":"ТКз-13-1","id":4316867},{"name":"ТКз-14-1","id":4811589},{"name":"ТКЗ-14-1+АКІТЗ-14-1","id":5070757},{"name":"ТКз-13-2","id":5420828},{"name":"ТКз-15-1","id":5458831},{"name":"ТКз-13-3","id":5460936},{"name":"ТКз-14-2","id":5931885},{"name":"ТКз-16-1","id":6107983},{"name":"ТКз-15-2","id":6506807},{"name":"ТКЗ-15-1+ТКЗ-15-2","id":7769693},{"name":"ТСМзм-18-1","id":7222912},{"name":"ТСМзм-19-1","id":7994456},{"name":"ТКз-13-1","id":4316867},{"name":"ТКз-14-1","id":4811589},{"name":"ТКЗ-14-1+АКІТЗ-14-1","id":5070757},{"name":"ТКз-13-2","id":5420828},{"name":"ТКз-15-1","id":5458831},{"name":"ТКз-13-3","id":5460936},{"name":"ТКз-14-2","id":5931885},{"name":"ТКз-16-1","id":6107983},{"name":"ТКз-15-2","id":6506807},{"name":"ТКЗ-15-1+ТКЗ-15-2","id":7769693},{"name":"ТКз-13-1","id":4316867},{"name":"ТКз-14-1","id":4811589},{"name":"ТКЗ-14-1+АКІТЗ-14-1","id":5070757},{"name":"ТКз-13-2","id":5420828},{"name":"ТКз-15-1","id":5458831},{"name":"ТКз-13-3","id":5460936},{"name":"ТКз-14-2","id":5931885},{"name":"ТКз-16-1","id":6107983},{"name":"ТКз-15-2","id":6506807},{"name":"ТКЗ-15-1+ТКЗ-15-2","id":7769693},{"name":"ТРІМІз-17-1","id":6500251},{"name":"ТРІМІз-18-1","id":7221230},{"name":"ТРІМІЗ-17-1+ТРТКЗ-17-1","id":7769671},{"name":"ТРІМІЗ-18-1+ТРТКЗ-18-1","id":7769683},{"name":"ТРІМІз-19-1","id":7985723},{"name":"ТРТКз-16-1","id":5936092},{"name":"ТРТКз-16-2","id":7222666},{"name":"ТРТКз-17-1","id":7222668},{"name":"ТРТКз-18-1","id":7241769},{"name":"ТРТКЗ-16-1+ТРТКЗ-16-2","id":7769687},{"name":"АМЗІзм-18-1","id":7222740},{"name":"АМСЗІзм-19-1","id":7989411},{"name":"АКІТи-14-1","id":5053085},{"name":"АКІТи-15-1","id":5477146},{"name":"АКТАКІТи-16-1","id":5970245},{"name":"АКТАКІТи-17-1","id":6544903},{"name":"АКТАКІТив-18-1","id":7625968},{"name":"АКТАКІТи-19-1","id":8040532},{"name":"АКТАКІТи-18-1","id":8040682},{"name":"АКТСІи-16-2","id":5970243},{"name":"АКТСІи-17-1","id":6521143},{"name":"БІБМІи-16-1","id":5970247},{"name":"БІБМІи-17-1","id":6544832},{"name":"БІБМІи-16-2","id":6756173},{"name":"БІБМІи-18-1","id":7240419},{"name":"БІБМІи-19-1","id":8043520},{"name":"БІБМІив-17-1","id":6900743},{"name":"БІКСи-14-1","id":5026299},{"name":"БМІи-14-1","id":5053087},{"name":"БМІи-15-1","id":5477148},{"name":"БМІми-18-1","id":7264134},{"name":"БМІми-18-2","id":7299704},{"name":"ВПСи-14-1","id":6541634},{"name":"ЕЕКи-16-1","id":5970368},{"name":"ЕЕКи-17-1","id":6520631},{"name":"ЕЕКи-18-1","id":7310687},{"name":"ЕЕКи-19-1","id":8040685},{"name":"ЕКи-14-1","id":5033047},{"name":"ЕКи-15-1","id":5454092},{"name":"УФЕБим-19-1","id":8061389},{"name":"ЕПСи-14-1","id":5053089},{"name":"ІТКНи-17-1","id":6572364},{"name":"ІТКНи-18-1","id":7240421},{"name":"ІТКСим-18-1","id":7310790},{"name":"КАФ-14-1","id":4801916},{"name":"КАФ-14-5","id":4801918},{"name":"КАФ-14-3","id":4801942},{"name":"КАФ-14-7","id":4801944},{"name":"КАФ-14-8","id":4801946},{"name":"КАФ-14-4","id":4801982},{"name":"КАФ-14-6","id":4801984},{"name":"КАФ-14-2","id":4802014},{"name":"КАФ-15-4","id":5259286},{"name":"КАФ-15-2","id":5259312},{"name":"КАФ-15-5","id":5259332},{"name":"КАФ-15-7","id":5259334},{"name":"КАФ-15-8","id":5259342},{"name":"КАФ-15-3","id":5259384},{"name":"КАФ-15-6","id":5259386},{"name":"КАФ-15-1","id":5259438},{"name":"КБІКСи-16-1","id":5966219},{"name":"КБІКСи-17-1","id":6541605},{"name":"КІи-14-1","id":5026295},{"name":"КІи-15-1","id":5454710},{"name":"КІи-14-4","id":5926293},{"name":"КІУКІи-16-1","id":5966217},{"name":"КІУКІи-17-1","id":6521147},{"name":"КІУКІи-18-1","id":7240423},{"name":"КІУКІив-18-1","id":7506074},{"name":"КНи-14-5","id":5059205},{"name":"ІТКНи-16-7","id":6032234},{"name":"КУІБи-18-1","id":7299752},{"name":"КУІБи-16-1","id":8043660},{"name":"МАГ-САУ-14","id":4809254},{"name":"МАГ-БДІР-14","id":4809258},{"name":"МАГ-БМІМ-13-1-14","id":4809260},{"name":"МАГ-АРТ-14","id":4809268},{"name":"МАГ-АКТ-1-14","id":4809280},{"name":"МАГ-УП-14","id":4809316},{"name":"МАГ-УПМ-13-14","id":4809320},{"name":"МАГ-КТСВП-13-14","id":4809330},{"name":"МАГ-БМІ-14","id":4809348},{"name":"МАГ-МВТ_МЗВ_АМЗІ-14","id":4809354},{"name":"МАГ-ТСМ-13-14","id":4809356},{"name":"МАГ-ІТБММ-13-1-14","id":4809370},{"name":"МАГ-ЕТ-2-14","id":4809382},{"name":"МАГ-ІМЗ-13-14","id":4809408},{"name":"МАГ-АМЗІ-14","id":4809418},{"name":"МАГ-АКТ-2-14","id":4809420},{"name":"МАГ-ЕТ-1-14","id":4809438},{"name":"МАГ-ПМ-14","id":4809448},{"name":"МАГ-ЛОЕТ-13-14","id":4809452},{"name":"МАГ-КСМ-14","id":5069901},{"name":"МАГ-ІТБМ-14","id":5069903},{"name":"МАГ-СПР-14","id":5069907},{"name":"МАГ-АУТП-14","id":5069909},{"name":"МАГ-ІТМРТМРТ-14","id":5069911},{"name":"МАГ-МЗВЯП-14","id":5069913},{"name":"МАГ-ЯСС-14","id":5069915},{"name":"МАГ-СКС-14","id":5069917},{"name":"МАГ-КС-14","id":5069919},{"name":"МАГ-ТЕМВ-14-14","id":5069921},{"name":"МАГ-МВТ-14","id":5069923},{"name":"МАГ-РТ-14","id":5069925},{"name":"МАГ-ІУСТ-14","id":5069927},{"name":"МАГ-СП-14","id":5069929},{"name":"МАГ-ЕПП-14","id":5069931},{"name":"МАГ-РЕАЗ-14","id":5069933},{"name":"МАГ-РПСК-14","id":5069935},{"name":"МАГ-СШІ-14","id":5069937},{"name":"МАГ-КСУА-14","id":5069939},{"name":"МАГ-ІПЗ-14","id":5069943},{"name":"МАГ-ПЗС-14","id":5069945},{"name":"МАГ-КТСВП-14-14","id":5069947},{"name":"МАГ-КТРС-14","id":5069949},{"name":"МАГ-МНП-14","id":5069951},{"name":"МАГ-КІТПВ-14","id":5069953},{"name":"МАГ-ІТП-14","id":5069955},{"name":"МАГ-ІНФ-14","id":5069957},{"name":"МАГ-БІКС-14","id":5069961},{"name":"МАГ-АКТ-1-16","id":6016269},{"name":"МАГ-АКТ-2-16","id":6016285},{"name":"МНТМНи-19-1","id":8043531},{"name":"МССи-14-1","id":5232801},{"name":"МССи-15-1","id":5377073},{"name":"МТМССи-16-1","id":7299750},{"name":"ПЗПІи-17-5","id":6569333},{"name":"ПЗПІив-17-1","id":6933998},{"name":"ПЗПІи-18-1","id":7240401},{"name":"ПЗПІи-19-1","id":7999876},{"name":"ПІи-14-1","id":5128069},{"name":"ПЗПІи-16-4","id":5970366},{"name":"СТСАи-16-1","id":5994778},{"name":"СТСАи-17-1","id":6572362},{"name":"ТКи-14-4","id":5026297},{"name":"ТКи-15-4","id":5377069},{"name":"ТСМми-18-1","id":7264116},{"name":"ТСМми-19-1","id":8043758},{"name":"ТРТКи-16-1","id":5966221},{"name":"ТРТКи-17-1","id":6560640},{"name":"ТРТКи-18-1","id":7298418},{"name":"Клубы-1","id":6336648},{"name":"Клубы-2","id":6336650},{"name":"Клубы-3","id":6336652},{"name":"Клубы-4","id":6336654},{"name":"Клубы-5","id":6336656},{"name":"Навч.-консульт.курси 11кл","id":6336662},{"name":"Факультатив 11кл","id":6336692},{"name":"Клубы-1","id":6954862},{"name":"Клубы-2","id":6954864},{"name":"Клубы-3","id":6954866},{"name":"Клубы-4","id":6954868},{"name":"Клубы-5","id":6954870},{"name":"Клубы-6","id":6954872},{"name":"Клубы-1","id":7711984},{"name":"Клубы-2","id":7711986},{"name":"Клубы-3","id":7711988},{"name":"Клубы-4","id":7711990},{"name":"Клубы-5","id":7711992},{"name":"Клубы-6","id":7711994},{"name":"10 кл-1","id":6336180},{"name":"10 кл-2","id":6336318},{"name":"10 кл-3","id":6345776},{"name":"10 кл-4","id":6346686},{"name":"10 кл-1","id":6954877},{"name":"10 кл-2","id":6954879},{"name":"10 кл-3","id":6954881},{"name":"10 кл-1","id":7712002},{"name":"10 кл-2","id":7712004},{"name":"10 кл-3","id":7712006},{"name":"Факультатив 10кл-2","id":7711944},{"name":"Факультатив 11кл-2","id":7711946},{"name":"Навч.-консульт.курси 11кл","id":7711982},{"name":"Заочні-1","id":7711996},{"name":"Факультатив 10кл-1","id":7726954},{"name":"Факультатив 11кл-1","id":7726956},{"name":"ЦДПв 11кл (6 міс)-1","id":6336684},{"name":"Навч.-консульт.курси 11кл","id":6954855},{"name":"Факультатив 11кл","id":6954858},{"name":"Факультатив 10кл","id":6954860},{"name":"Заочні-1","id":6954875},{"name":"ЦДПв 11кл -1","id":6336676},{"name":"ЦДПв 11кл -2","id":6336678},{"name":"ЦДПв 11кл -3","id":6336680},{"name":"ЦДПв 11кл -4","id":6336682},{"name":"ЦДПв 11кл -5","id":6336694},{"name":"ЦДПв 11кл -1","id":6954825},{"name":"ЦДПв 11кл -2","id":6954827},{"name":"ЦДПв 11кл -3","id":6954829},{"name":"ЦДПв 11кл -4","id":6954831},{"name":"ЦДПв 11кл -5","id":6954833},{"name":"ЦДПв 11кл -1","id":7711934},{"name":"ЦДПв 11кл -2","id":7711936},{"name":"ЦДПв 11кл -3","id":7711938},{"name":"ЦДПв 11кл -4","id":7711940},{"name":"ЦДПв 11кл -5","id":7711942},{"name":"ФМ-17-1","id":6946169},{"name":"ФМ-17-2","id":6946171},{"name":"ФМ-17-3","id":6946173},{"name":"ФМ-17-4","id":6946175},{"name":"ФМ-17-5","id":6946177},{"name":"ФМ-18-1","id":6954890},{"name":"ФМ-18-2","id":6954892},{"name":"ФМ-18-3","id":6954894},{"name":"ФМ-18-4","id":6954896},{"name":"ФМ-18-5","id":6954898},{"name":"ФМ-18-6","id":6954900},{"name":"ФМ-18-7","id":7257469},{"name":"ФМ-18-8","id":7495529},{"name":"ФМ-18-9","id":7495556},{"name":"ФМ-18-10","id":7495558},{"name":"ФМ-18-11","id":7495560},{"name":"ФМ-18-12","id":7495562},{"name":"ФМ-19-1","id":7711948},{"name":"ФМ-19-2","id":7711950},{"name":"ФМ-19-3","id":7711952},{"name":"ФМ-19-4","id":7711954},{"name":"ФМ-19-5","id":7711956},{"name":"ФМ-19-6","id":7711958},{"name":"ФМ-19-7","id":7711960},{"name":"ФМ-19-8","id":7711962},{"name":"ФМ-19-9","id":7711964},{"name":"ФМ-19-10","id":7711966},{"name":"ФМ-19-11","id":7711968},{"name":"ФМ-19-12","id":7711970},{"name":"Недільні-1","id":6336664},{"name":"Недільні-2","id":6336666},{"name":"Недільні-3","id":6336668},{"name":"Недільні-4","id":6336670},{"name":"Недільні-5","id":6336672},{"name":"Недільні-1","id":6954841},{"name":"Недільні-2","id":6954843},{"name":"Недільні-3","id":6954845},{"name":"Недільні-4","id":6954847},{"name":"Недільні-5","id":6954849},{"name":"Недільні-1","id":7711972},{"name":"Недільні-2","id":7711974},{"name":"Недільні-3","id":7711976},{"name":"Недільні-4","id":7711978},{"name":"Недільні-5","id":7711980},{"name":"9 кл-1","id":6336530},{"name":"9 кл-2","id":6336532},{"name":"9 кл-3","id":6345774},{"name":"9 кл-1","id":6954851},{"name":"9 кл-2","id":6954853},{"name":"9 кл-1","id":7711998},{"name":"9 кл-2","id":7712000},{"name":"БІБМІі-15-1_1","id":5442309},{"name":"БІБМІі-15-1_2","id":5632692},{"name":"БМІім-17-2","id":6571030},{"name":"БМІімв-17-1","id":6901637},{"name":"КСМім-18-1","id":7074936},{"name":"КСМім-18-2","id":7074938},{"name":"БМІім-18-1","id":7074940},{"name":"БМІім-18-2","id":7074942},{"name":"БІКСім-18-1","id":7082185},{"name":"БІКСім-18-2","id":7241650},{"name":"КСМімв-18-1","id":7605286},{"name":"БІКСімв-18-1","id":7605373},{"name":"БМІімв-18-1","id":7605375},{"name":"КСМім-19-1","id":7833333},{"name":"БІКСім-19-1","id":7833335},{"name":"БМІім-19-1","id":7833337},{"name":"КСМім-19-2","id":8045046},{"name":"CE-14-1_1","id":4901431},{"name":"BME-14-1_1","id":4901435},{"name":"CE-14-1_2","id":5179153},{"name":"КІУКІі-15-1_1","id":5442307},{"name":"КІУКІі-15-1_2","id":5632690},{"name":"BME-14-1_2","id":5632701},{"name":"КІУКІі-16-1_1","id":5780392},{"name":"БІБМІі-16-1","id":5780394},{"name":"ACIRST-16-1","id":5966347},{"name":"КІУКІі-16-2_1","id":5989512},{"name":"КІУКІі-16-1_2","id":6178183},{"name":"КІУКІі-16-2_2","id":6178227},{"name":"КІУКІі-16-3","id":6228110},{"name":"БІБМІі-16-3","id":6228112},{"name":"ACIRST-16-3","id":6228116},{"name":"КІУКІі-17-1","id":6288654},{"name":"БІБМІі-17-1_1","id":6288656},{"name":"БІБМІі-17-2_1","id":6568984},{"name":"БІБМІі-17-1_2","id":6568986},{"name":"БІБМІі-16-2_1","id":6570225},{"name":"БІБМІі-16-2_2","id":6570227},{"name":"КІУКІі-17-2","id":6571365},{"name":"БІБМІі-17-2_2","id":6577862},{"name":"БІБМІі-17-3_1","id":6587949},{"name":"БІБМІів-17-1","id":6803519},{"name":"КІУКІів-17-1","id":6803521},{"name":"КІУКІі-18-1_1","id":7074930},{"name":"БІБМІі-18-1_1","id":7074934},{"name":"БІБМІі-17-3_2","id":7193729},{"name":"КБІКСі-18-1","id":7242589},{"name":"КІУКІі-18-1_2","id":7256637},{"name":"БІБМІі-18-1_2","id":7256639},{"name":"БІБМІі-18-2_1","id":7278035},{"name":"БІБМІі-18-2_2","id":7278037},{"name":"КІУКІі-18-2_1","id":7278039},{"name":"КІУКІі-18-2_2","id":7278041},{"name":"БІБМІів-18-1","id":7548639},{"name":"КІУКІів-18-1","id":7548644},{"name":"КБІКСів-18-1","id":7604543},{"name":"КІУКІі-19-1_1","id":7737458},{"name":"КІУКІі-19-1_2","id":7737460},{"name":"БІБМІі-19-1_1","id":7737462},{"name":"БІБМІі-19-1_2","id":7737464},{"name":"КБІКСі-19-1","id":7902491},{"name":"БІБМІі-нет-3","id":7904877},{"name":"CE-14-1_1","id":4901431},{"name":"BME-14-1_1","id":4901435},{"name":"CE-14-1_2","id":5179153},{"name":"КІУКІі-15-1_1","id":5442307},{"name":"КІУКІі-15-1_2","id":5632690},{"name":"BME-14-1_2","id":5632701},{"name":"КІУКІі-16-1_1","id":5780392},{"name":"БІБМІі-16-1","id":5780394},{"name":"ACIRST-16-1","id":5966347},{"name":"КІУКІі-16-2_1","id":5989512},{"name":"КІУКІі-16-1_2","id":6178183},{"name":"КІУКІі-16-2_2","id":6178227},{"name":"КІУКІі-16-3","id":6228110},{"name":"БІБМІі-16-3","id":6228112},{"name":"ACIRST-16-3","id":6228116},{"name":"КІУКІі-17-1","id":6288654},{"name":"БІБМІі-17-1_1","id":6288656},{"name":"БІБМІі-17-2_1","id":6568984},{"name":"БІБМІі-17-1_2","id":6568986},{"name":"БІБМІі-16-2_1","id":6570225},{"name":"БІБМІі-16-2_2","id":6570227},{"name":"КІУКІі-17-2","id":6571365},{"name":"БІБМІі-17-2_2","id":6577862},{"name":"БІБМІі-17-3_1","id":6587949},{"name":"БІБМІів-17-1","id":6803519},{"name":"КІУКІів-17-1","id":6803521},{"name":"КІУКІі-18-1_1","id":7074930},{"name":"БІБМІі-18-1_1","id":7074934},{"name":"БІБМІі-17-3_2","id":7193729},{"name":"КБІКСі-18-1","id":7242589},{"name":"КІУКІі-18-1_2","id":7256637},{"name":"БІБМІі-18-1_2","id":7256639},{"name":"БІБМІі-18-2_1","id":7278035},{"name":"БІБМІі-18-2_2","id":7278037},{"name":"КІУКІі-18-2_1","id":7278039},{"name":"КІУКІі-18-2_2","id":7278041},{"name":"БІБМІів-18-1","id":7548639},{"name":"КІУКІів-18-1","id":7548644},{"name":"КБІКСів-18-1","id":7604543},{"name":"КІУКІі-19-1_1","id":7737458},{"name":"КІУКІі-19-1_2","id":7737460},{"name":"БІБМІі-19-1_1","id":7737462},{"name":"БІБМІі-19-1_2","id":7737464},{"name":"КБІКСі-19-1","id":7902491},{"name":"БІБМІі-нет-3","id":7904877},{"name":"ЕЕКім-18-1","id":7074960},{"name":"УФЕБім-19-1","id":7833330},{"name":"ЕЕКім-18-2","id":8016975},{"name":"EC-14-1","id":4901433},{"name":"ЕЕКі-15-1","id":5265786},{"name":"ЕЕКі-16-1","id":5780390},{"name":"SA-16-1","id":5966268},{"name":"ЕЕКі-16-3","id":6228114},{"name":"ЕЕКі-17-1","id":6288652},{"name":"ЕЕКів-17-1","id":6813412},{"name":"ЕЕКі-18-1","id":7074932},{"name":"ЕЕКів-18-1","id":7548648},{"name":"ЕЕКі-19-1","id":7737466},{"name":"EC-14-1","id":4901433},{"name":"ЕЕКі-15-1","id":5265786},{"name":"ЕЕКі-16-1","id":5780390},{"name":"SA-16-1","id":5966268},{"name":"ЕЕКі-16-3","id":6228114},{"name":"ЕЕКі-17-1","id":6288652},{"name":"ЕЕКів-17-1","id":6813412},{"name":"ЕЕКі-18-1","id":7074932},{"name":"ЕЕКів-18-1","id":7548648},{"name":"ЕЕКі-19-1","id":7737466},{"name":"ЕКп-14-1","id":5015847},{"name":"ЕКпз-14-1","id":5036867},{"name":"ТСМздм-17-1","id":7646574},{"name":"БІКСздм-17-1","id":7647482},{"name":"КНпз-17-1","id":7648245},{"name":"ТСМпз-14-1","id":5038604},{"name":"ТСМпз-15-1","id":5470817},{"name":"БІКСпз-15-1","id":5714451},{"name":"БІКСмзд-16-1","id":6132389},{"name":"БІКСпз-16-1","id":6191617},{"name":"ІПЗп-14-1","id":5044208},{"name":"ІПЗп-14-2","id":5044210},{"name":"ІПЗмд-14-1","id":5237715},{"name":"ПЗСпз-14-1","id":5241571},{"name":"ІПЗпз-14-1","id":5241573},{"name":"ІПЗпз-14-2","id":5241575},{"name":"ІПЗпз-15-1","id":5258930},{"name":"ІПЗп-15-1","id":5474752},{"name":"ІПЗп-15-2","id":5474754},{"name":"ІПЗмзд-15-1","id":5589503},{"name":"ПЗСпз-15-1","id":5658183},{"name":"ІПЗпз-15-2","id":5658187},{"name":"ІПЗпз-15-3","id":5658189},{"name":"ПЗСцз-16-1","id":5686872},{"name":"ІПЗпз-16-1","id":5719837},{"name":"ІПЗпз-16-2","id":5719839},{"name":"ІПЗп-16-1","id":5933606},{"name":"ПЗСцз-16-2","id":5951929},{"name":"ІПЗпз-16-3","id":6111513},{"name":"ІПЗпз-16-4","id":6111517},{"name":"ІПЗмзд-16-1","id":6111651},{"name":"ПЗСцз-17-1","id":6248394},{"name":"ПЗСпз-16-1","id":6274741},{"name":"ПІп-17-1","id":6532138},{"name":"ПІпз-17-1","id":6654025},{"name":"ІПЗздм-17-1","id":6654027},{"name":"ПЗПІп-18-1","id":7208463},{"name":"ПЗСцз-18-1","id":7258417},{"name":"ВМп-18-1","id":7321898},{"name":"ВМп-18-2","id":7321900},{"name":"ВМп-18-3","id":7321902},{"name":"ПЗПІпз-18-1","id":7421530},{"name":"ІПЗмзд-18-1","id":7421535}]