{
    "university": 
    { "short_name":"ХНУРЕ","full_name":"Харківський Національний Університет Радіоелектроніки","faculties":[ { "id":56,"short_name":"ITM","full_name":"Факультет інформаційно - аналітичних технологій та менеджменту","departments":[ { "id":4,"short_name":"ВМ","full_name":"Кафедра вищої математики","teachers":[ { "id":394,"short_name":"Афанасьєв В. О.","full_name":"Афанасьєв Вадім Олексійович"} , { "id":5343992,"short_name":"Боцюра О. А.","full_name":"Боцюра Олеся Анатоліївна"} , { "id":1810189,"short_name":"Бутенко Н. С.","full_name":"Бутенко Ніна Семенівна"} , { "id":393,"short_name":"Дорошенко В. О.","full_name":"Дорошенко Володимир Олексійович"} , { "id":386,"short_name":"Клімова Н. П.","full_name":"Клімова Наталія Павлівна"} , { "id":7079382,"short_name":"Назарова Н. В.","full_name":"Назарова Н В"} , { "id":1071,"short_name":"Нерух О. Г.","full_name":"Нерух Олександр Георгійович"} , { "id":7079545,"short_name":"Норік Л. О.","full_name":"Норік Лариса Олексіївна"} , { "id":1658,"short_name":"Пуди А. Ю.","full_name":"Пуди Анатолій Юхимович"} , { "id":168,"short_name":"Ремаєва О. О.","full_name":"Ремаєва Ольга Олександрівна"} , { "id":1290582,"short_name":"Ружицька Н. М.","full_name":"Ружицька Наталія Миколаївна"} , { "id":1044,"short_name":"Сова Г. В.","full_name":"Сова Ганна Василівна"} , { "id":4341377,"short_name":"Стогній Н. П.","full_name":"Стогній Надія Петрівна"} ]} , { "id":57,"short_name":"ЕК","full_name":"Кафедра економічної кібернетики","teachers":[ { "id":3684,"short_name":"Верясова Г. М.","full_name":"Верясова Ганна Миколаївна"} , { "id":359,"short_name":"Гороховатський В. О.","full_name":"Гороховатський Володимир Олексійович"} , { "id":278,"short_name":"Гришко С. В.","full_name":"Гришко Світлана Валеріївна"} , { "id":740,"short_name":"Гурін В. М.","full_name":"Гурін Валерій Миколайович"} , { "id":3118211,"short_name":"Гуца О. М.","full_name":"Гуца Олег Миколаєвич"} , { "id":1675,"short_name":"Діденко Є. В.","full_name":"Діденко Євген Віталійович"} , { "id":219,"short_name":"Довгопол Н. В.","full_name":"Довгопол Ніна Василівна"} , { "id":3615,"short_name":"Іванова В. Б.","full_name":"Іванова Вікторія Борисівна"} , { "id":373,"short_name":"Ігуменцева Н. В.","full_name":"Ігуменцева Наталія Володимирівна"} , { "id":1703,"short_name":"Кирій В. В.","full_name":"Кирій Валентина Василівна"} , { "id":7347913,"short_name":"Колісник М. М.","full_name":"Колісник Максим Миколайович"} , { "id":955,"short_name":"Костін Ю. Д.","full_name":"Костін Юрій Дмитрович"} , { "id":1685,"short_name":"Курденко О. В.","full_name":"Курденко Олександр Васильович"} , { "id":296,"short_name":"Лепейко Т. І.","full_name":"Лепейко Тетяна Іванівна"} , { "id":473,"short_name":"Мельников О. Ф.","full_name":"Мельников Олександр Федорович"} , { "id":2094295,"short_name":"Мурзабулатова О. В.","full_name":"Мурзабулатова Олена Вячеславівна"} , { "id":174,"short_name":"Мусієнко В. О.","full_name":"Мусієнко Вікторія Олегівна"} , { "id":2372,"short_name":"Овсюченко Ю. В.","full_name":"Овсюченко Юрій Вікторович"} , { "id":158,"short_name":"Пересада О. В.","full_name":"Пересада Олена Василівна"} , { "id":742,"short_name":"Полозова Т. В.","full_name":"Полозова Тетяна Василівна"} , { "id":4544044,"short_name":"Понамарьов С. В.","full_name":"Понамарьов Станіслав Вадимович"} , { "id":83,"short_name":"Прібильнова І. Б.","full_name":"Прібильнова Інна Борисівна"} , { "id":589,"short_name":"Соколова Л. В.","full_name":"Соколова Людмила Василівна"} , { "id":1428332,"short_name":"Солодкий В. С.","full_name":"Солодкий Володимир Сергійович"} , { "id":4056,"short_name":"Степанова О. В.","full_name":"Степанова Олена Володимирівна"} , { "id":705,"short_name":"Стороженко О. В.","full_name":"Стороженко Олександра Володимирівна"} , { "id":706,"short_name":"Тохтамиш Н. І.","full_name":"Тохтамиш Наталія Іванівна"} , { "id":301,"short_name":"Шейко І. А.","full_name":"Шейко Ірина Анатоліївна"} , { "id":7620571,"short_name":"Шеховцова Д. Д.","full_name":"Шеховцова Дар'Я Дмитрівна"} ]} , { "id":75,"short_name":"ІНФ","full_name":"Кафедра інформатики","teachers":[ { "id":8026618,"short_name":"Батраков Є. О.","full_name":"Батраков Є О"} , { "id":704,"short_name":"Бєлова Н. В.","full_name":"Бєлова Наталія Віталіївна"} , { "id":7227909,"short_name":"Бродецький Ф. А.","full_name":"Бродецький Ф А"} , { "id":359,"short_name":"Гороховатський В. О.","full_name":"Гороховатський Володимир Олексійович"} , { "id":7496297,"short_name":"Кобилін І. О.","full_name":"Кобилін Ілля Олегович"} , { "id":1992689,"short_name":"Кобилін О. А.","full_name":"Кобилін Олег Анатолійович"} , { "id":1075,"short_name":"Кузьомін О. Я.","full_name":"Кузьомін Олександр Якович"} , { "id":2304,"short_name":"Любченко В. А.","full_name":"Любченко Валентин Анатолійович"} , { "id":1729,"short_name":"Машталір В. П.","full_name":"Машталір Володимир Петрович"} , { "id":3674,"short_name":"Машталір С. В.","full_name":"Машталір Сергій Володимирович"} , { "id":8020647,"short_name":"Пономаренко Р. П.","full_name":"Пономаренко Р П"} , { "id":957,"short_name":"Путятін Є. П.","full_name":"Путятін Євгеній Петрович"} , { "id":274,"short_name":"Руденко Д. О.","full_name":"Руденко Діана Олександрівна"} , { "id":2667816,"short_name":"Сакало Є. С.","full_name":"Сакало Євген Сергійович"} , { "id":395,"short_name":"Сінельнікова Т. Ф.","full_name":"Сінельнікова Тетяна Федорівна"} , { "id":7228873,"short_name":"Творошенко І. С.","full_name":"Творошенко І С"} , { "id":7437252,"short_name":"Тітова О. В.","full_name":"Тітова О В"} , { "id":5237444,"short_name":"Шафроненко А. Ю.","full_name":"Шафроненко Аліна Юріївна"} , { "id":2305,"short_name":"Яковлева О. В.","full_name":"Яковлева Олена Володимирівна"} ]} , { "id":83,"short_name":"ПМ","full_name":"Кафедра прикладної математики","teachers":[ { "id":3207911,"short_name":"Артюх А. В.","full_name":"Артюх Антон Володимирович"} , { "id":3126,"short_name":"Гибкiна Н. В.","full_name":"Гибкiна Надiя Валентинiвна"} , { "id":238,"short_name":"Гусарова І. Г.","full_name":"Гусарова Ірина Григоріївна"} , { "id":223,"short_name":"Єсілевський В. С.","full_name":"Єсілевський Валентин Семенович"} , { "id":302,"short_name":"Кіріченко Л. О.","full_name":"Кіріченко Людмила Олегівна"} , { "id":5937707,"short_name":"Кобзєв В. Г.","full_name":"Кобзєв Володимир Григорович"} , { "id":843,"short_name":"Козиренко С. І.","full_name":"Козиренко Світлана Іванівна"} , { "id":952,"short_name":"Колосова С. В.","full_name":"Колосова Світлана Василівна"} , { "id":1048,"short_name":"Кривошеєва Г. М.","full_name":"Кривошеєва Галина Миколаївна"} , { "id":1075,"short_name":"Кузьомін О. Я.","full_name":"Кузьомін Олександр Якович"} , { "id":950,"short_name":"Литвин О. Г.","full_name":"Литвин Олександра Григорівна"} , { "id":2328,"short_name":"Манчинська Н. Б.","full_name":"Манчинська Наталія Борисівна"} , { "id":5941706,"short_name":"Матвієнко О. І.","full_name":"Матвієнко О. І."} , { "id":1715,"short_name":"Наумейко І. В.","full_name":"Наумейко Ігор Володимирович"} , { "id":1218,"short_name":"Романова Т. Є.","full_name":"Романова Тетяна Євгенівна"} , { "id":861,"short_name":"Середа О. Г.","full_name":"Середа Олена Григорівна"} , { "id":2329,"short_name":"Сидоров М. В.","full_name":"Сидоров Максим Вікторович"} , { "id":1685568,"short_name":"Стаднікова Г. В.","full_name":"Стаднікова Ганна Вікторівна"} , { "id":868,"short_name":"Стоян Ю. Г.","full_name":"Стоян Юрій Григорович"} , { "id":1059,"short_name":"Тевяшев А. Д.","full_name":"Тевяшев Андрій Дмитрович"} , { "id":6065304,"short_name":"Яськов Г. М.","full_name":"Яськов Георгій Миколайович"} ]} , { "id":1761,"short_name":"СІ","full_name":"Кафедра соціальної інформатики","teachers":[ { "id":3562640,"short_name":"Данилов А. Д.","full_name":"Данилов Андрій Дмитрович"} , { "id":5921463,"short_name":"Дронова-Вартанян І. В.","full_name":"Дронова-Вартанян Ірина Валеріївна"} , { "id":5921467,"short_name":"Панасовська Ю. В.","full_name":"Панасовська Юлія Валеріївна"} ]} ]} , { "id":287,"short_name":"АКТ","full_name":"Факультет автоматики і комп'ютеризованих технологій","departments":[ { "id":338,"short_name":"КІТАМ","full_name":"Кафедра комп’ютерно-інтегрованих технологій, автоматизації та мехатроніки","teachers":[ { "id":2056,"short_name":"Аллахверанов Р. Ю.","full_name":"Аллахверанов Рауф Юсіф Огли"} , { "id":245,"short_name":"Безкоровайний В. В.","full_name":"Безкоровайний Володимир Валентинович"} , { "id":5845175,"short_name":"Бортнікова В. О.","full_name":"Бортнікова Вікторія Олегівна"} , { "id":2912785,"short_name":"Боцман І. В.","full_name":"Боцман Ірина Володимирівна"} , { "id":3500943,"short_name":"Бронніков А. І.","full_name":"Бронніков Артем Ігоревич"} , { "id":740,"short_name":"Гурін В. М.","full_name":"Гурін Валерій Миколайович"} , { "id":7072315,"short_name":"Гурін Д. В.","full_name":"Гурін Дмитро Валерійович"} , { "id":1441257,"short_name":"Демська Н. П.","full_name":"Демська Наталія Павлівна"} , { "id":3205567,"short_name":"Дорошенко С. М.","full_name":"Дорошенко Сергій Миколайович"} , { "id":8048536,"short_name":"Дружинін Є. І.","full_name":"Дружинін Євген Іванович"} , { "id":1704,"short_name":"Євсєєв В. В.","full_name":"Євсєєв Владислав В`Ячеславович"} , { "id":1709,"short_name":"Малик Б. О.","full_name":"Малик Борис Олексійович"} , { "id":975,"short_name":"Невлюдов І. Ш.","full_name":"Невлюдов Ігор Шакирович"} , { "id":333,"short_name":"Новоселов С. П.","full_name":"Новоселов Сергій Павлович"} , { "id":572,"short_name":"Олександров Ю. М.","full_name":"Олександров Юрій Миколайович"} , { "id":2673818,"short_name":"Омаров Ш. А.","full_name":"Омаров Ш. А."} , { "id":1125,"short_name":"Палагін В. А.","full_name":"Палагін Віктор Андрійович"} , { "id":5928764,"short_name":"Письменецький В. О.","full_name":"Письменецький Віктор Олександрович"} , { "id":2912084,"short_name":"Разумов-Фризюк Є. А.","full_name":"Разумов-Фризюк Євгеній Анатолійович"} , { "id":8048546,"short_name":"Ромашов Ю. В.","full_name":"Ромашов Юрій Володимирович"} , 
        { "id":4167740,"short_name":"Роменский В. І.","full_name":"Роменский В. І."} , { "id":7270067,"short_name":"Сезонова І. К.","full_name":"Сезонова Ірина Костянтинівна"} , { "id":2298575,"short_name":"Сичова О. В.","full_name":"Сичова Оксана Володимирівна"} , { "id":1156,"short_name":"Сінотін А. М.","full_name":"Сінотін Анатолій Мєфодійович"} , { "id":2577571,"short_name":"Сотник С. В.","full_name":"Сотник Світлана Вікторівна"} , { "id":2345,"short_name":"Стародубцев М. Г.","full_name":"Стародубцев Микола Григорович"} , { "id":5649895,"short_name":"Теслюк С. І.","full_name":"Теслюк Сергій Ігорович"} , { "id":7464314,"short_name":"Тимчук І. Т.","full_name":"Тимчук І. Т."} , { "id":1257,"short_name":"Токарєва О. В.","full_name":"Токарєва Олена Віталіївна"} , { "id":178,"short_name":"Филипенко О. І.","full_name":"Филипенко Олександр Іванович"} , { "id":3628460,"short_name":"Фролов А. В.","full_name":"Фролов Андрій Віталійович"} , { "id":7226651,"short_name":"Хавін Г. Л.","full_name":"Хавін Геннадій Львович"} , { "id":6255573,"short_name":"Хрустальов К. Л.","full_name":"Хрустальов Кирило Львович"} , { "id":47,"short_name":"Цимбал О. М.","full_name":"Цимбал Олександр Михайлович"} , { "id":5845127,"short_name":"Чала О. О.","full_name":"Чала Олена Олександрівна"} , { "id":3258075,"short_name":"Чуканов С. Б.","full_name":"Чуканов С. Б."} , { "id":1677789,"short_name":"Шостак Б. О.","full_name":"Шостак Богдан Олексійович"} , { "id":727,"short_name":"Яшков І. О.","full_name":"Яшков Ігор Олегович"} ]} , { "id":337,"short_name":"ОП","full_name":"Кафедра охорони праці","teachers":[ { "id":808,"short_name":"Березуцька Н. Л.","full_name":"Березуцька Наталія Львівна"} , { "id":189,"short_name":"Мамонтов О. В.","full_name":"Мамонтов Олександр Вікторович"} , { "id":2197,"short_name":"Пронюк Г. В.","full_name":"Пронюк Ганна Валеріївна"} , { "id":1158,"short_name":"Стиценко Т. Є.","full_name":"Стиценко Тетяна Євгенівна"} , { "id":2188,"short_name":"Хондак І. І.","full_name":"Хондак Інна Іванівна"} ]} , { "id":308,"short_name":"ПЕЕА","full_name":"Кафедра проектування та експлуатації електронних апаратів","teachers":[ { "id":3099358,"short_name":"Галкін П. В.","full_name":"Галкін Павел Вікторович"} , { "id":90,"short_name":"Головкіна Л. В.","full_name":"Головкіна Людмила Вячеславівна"} , { "id":1800171,"short_name":"Григор`єва О. В.","full_name":"Григор`Єва Ольга Володимирівна"} , { "id":1811236,"short_name":"Зайченко О. Б.","full_name":"Зайченко Ольга Борисівна"} , { "id":812,"short_name":"Ключник І. І.","full_name":"Ключник Ігор Іванович"} , { "id":575,"short_name":"Меняйло О. Д.","full_name":"Меняйло Олександр Дмитрович"} , { "id":811,"short_name":"Панченко О. Ю.","full_name":"Панченко Олександр Юрійович"} , { "id":429,"short_name":"Подгайко О. І.","full_name":"Подгайко Олег Іванович"} , { "id":1204,"short_name":"Умяров Р. Я.","full_name":"Умяров Равіл Якович"} , { "id":4069,"short_name":"Хорошайло Ю. Є.","full_name":"Хорошайло Юрій Євгенійович"} , { "id":2388777,"short_name":"Чернишов М. М.","full_name":"Чернишов Микола Миколайович"} , { "id":6654461,"short_name":"Чумаков В. І.","full_name":"Чумаков Володимир Іванович"} ]} , { "id":5,"short_name":"Фізики","full_name":"Кафедра фізики","teachers":[ { "id":859,"short_name":"Гетманова О. Є.","full_name":"Гетманова Олена Євгенівна"} , { "id":570,"short_name":"Калінін В. В.","full_name":"Калінін Віталій Веніамінович"} , { "id":2219,"short_name":"Коваленко О. М.","full_name":"Коваленко Олена Миколаївна"} , { "id":990,"short_name":"Козарь А. І.","full_name":"Козарь Анатолій Іванович"} , { "id":4546807,"short_name":"Кравченко С. Г.","full_name":"Кравченко Сергій Геннадійович"} , { "id":846,"short_name":"Мешков С. М.","full_name":"Мешков Сергій Миколайович"} , { "id":4046151,"short_name":"Мягкий А. В.","full_name":"Мягкий А. В."} , { "id":4549887,"short_name":"Онищенко А. А.","full_name":"Онищенко Андрій Анатолійович"} , { "id":1240,"short_name":"Орел Р. П.","full_name":"Орел Роман Петрович"} , { "id":588,"short_name":"Рибалка А. І.","full_name":"Рибалка Антоніна Іванівна"} , { "id":584,"short_name":"Стороженко В. О.","full_name":"Стороженко Володимир Олександрович"} ]} ]} , { "id":1070,"short_name":"Аспірантура","full_name":"Відділ аспiрантури та докторантури","departments":[ ]}, { "id":192,"short_name":"ЕЛБІ","full_name":"Факультет електронної та бiомедичної інженерії","departments":[ { "id":210,"short_name":"БМІ","full_name":"Кафедра біомедичних електронних пристроїв та систем","teachers":[ { "id":1907,"short_name":"Авер`Янова Л. О.","full_name":"Авер`Янова Лілія Олександрівна"} , { "id":1697,"short_name":"Аврунін О. Г.","full_name":"Аврунін Олег Григорович"} , { "id":1004,"short_name":"Бих А. І.","full_name":"Бих Анатолій Іванович"} , { "id":7784495,"short_name":"Бондаренко І. С.","full_name":"Бондаренко І С"} , { "id":7787138,"short_name":"Гадецька С. В.","full_name":"Гадецька Світлана Вікторівна"} , { "id":4053862,"short_name":"Губаренко Є. В.","full_name":"Губаренко Євген Віталійович"} , { "id":69,"short_name":"Дацок О. М.","full_name":"Дацок Олег Михайлович"} , { "id":2224,"short_name":"Жемчужкіна Т. В.","full_name":"Жемчужкіна Тетяна Володимирівна"} , { "id":1989548,"short_name":"Жолудов Ю. Т.","full_name":"Жолудов Юрій Тимофійович"} , { "id":7784497,"short_name":"Кокорев А. Е.","full_name":"Кокорев А Е"} , { "id":5488452,"short_name":"Костін Д. О.","full_name":"Костін Денис Олександрович"} , { "id":483,"short_name":"Кукоба А. В.","full_name":"Кукоба Анатолій Васильович"} , { "id":3126143,"short_name":"Лінник О. В.","full_name":"Лінник Олена Вячеславівна"} , { "id":1989550,"short_name":"Музика К. М.","full_name":"Музика К. М."} , { "id":1031387,"short_name":"Носова Т. В.","full_name":"Носова Тетяна Віталіївна"} , { "id":5476551,"short_name":"Носова Я. В.","full_name":"Носова Я В"} , { "id":8053784,"short_name":"Овчаренко К. С.","full_name":"Овчаренко Костянтин Сергійович"} , { "id":4024138,"short_name":"Перова І. Г.","full_name":"Перова Ірина Генедійовна"} , { "id":243,"short_name":"Прасол І. В.","full_name":"Прасол Ігор Вікторович"} , { "id":4746503,"short_name":"Селіванова К. Г.","full_name":"Селіванова Каріна Григоріївна"} , { "id":842,"short_name":"Скляр О. І.","full_name":"Скляр Ольга Ігорівна"} , { "id":4743155,"short_name":"Сушко О. А.","full_name":"Сушко Ольга Анатольевна"} , { "id":5024468,"short_name":"Тимкович М. Ю.","full_name":"Тимкович Максим Юрійович"} , { "id":7784496,"short_name":"Трубіцин О. О.","full_name":"Трубіцин О О"} , { "id":6813460,"short_name":"Хміль Н. В.","full_name":"Хміль Наталя В"} , { "id":2201691,"short_name":"Чугуй Є. А.","full_name":"Чугуй Євген Анатолійович"} , { "id":535,"short_name":"Чурілов О. І.","full_name":"Чурілов Олександр Іванович"} , { "id":7068574,"short_name":"Шушляпіна Н. О.","full_name":"Шушляпіна Н О"} ]} , { "id":193,"short_name":"МЕЕПП","full_name":"Кафедра мікроелектроніки і електронних приладів та пристроїв","teachers":[ { "id":3199553,"short_name":"Бабиченко О. Ю.","full_name":"Бабиченко Оксана Юріївна"} , { "id":3496881,"short_name":"Бендеберя Г. М.","full_name":"Бендеберя Геннадій Миколайович"} , { "id":3695,"short_name":"Бондаренко І. М.","full_name":"Бондаренко Ігор Миколайович"} , { "id":493,"short_name":"Бородін О. В.","full_name":"Бородін Олександр Васильович"} , { "id":1317627,"short_name":"Васильєв Ю. С.","full_name":"Васильєв Юрій Сергійович"} , { "id":2237,"short_name":"Галат О. Б.","full_name":"Галат Олександр Борисович"} , { "id":6329217,"short_name":"Глухов О. В.","full_name":"Глухов Олег Вікторович"} , { "id":7063673,"short_name":"Горбенко Є. О.","full_name":"Горбенко Є О"} , { "id":210,"short_name":"Грицунов О. В.","full_name":"Грицунов Олександр Валентинович"} , { "id":8018804,"short_name":"Калмиков О. С.","full_name":"Калмиков Олександр Сергійович"} , { "id":1657,"short_name":"Карнаушенко В. П.","full_name":"Карнаушенко Володимир Петрович"} , { "id":37,"short_name":"Пащенко О. Г.","full_name":"Пащенко Олексій Георгійович"} , { "id":1745,"short_name":"Прокопенко Ю. В.","full_name":"Прокопенко Юрій Володимирович"} , { "id":5452974,"short_name":"Пятайкіна М. І.","full_name":"Пятайкіна Марія Ігорівна"} , { "id":571,"short_name":"Свідерська Л. І.","full_name":"Свідерська Людмила Іванівна"} , { "id":6870069,"short_name":"Стрілкова Т. О.","full_name":"Стрілкова Тетяна Олександрівна"} , { "id":2045,"short_name":"Фролова Т. І.","full_name":"Фролова Тетяна Іванівна"} , { "id":8018803,"short_name":"Щербань І. М.","full_name":"Щербань Ігор Миколайович"} ]} , { "id":236,"short_name":"ФВС","full_name":"Кафедра фізичного виховання та спорту","teachers":[ { "id":1209,"short_name":"Горшанкова Т. О.","full_name":"Горшанкова Тамара Олександрівна"} ]} , { "id":227,"short_name":"ФОЕТ","full_name":"Кафедра фізичних основ електронної техніки","teachers":[ { "id":2059,"short_name":"Афанасьєва О. В.","full_name":"Афанасьєва Ольга Валентинівна"} , { "id":816,"short_name":"Васянович А. В.","full_name":"Васянович Анатолій Володимирович"} , { "id":5306613,"short_name":"Гнатенко О. С.","full_name":"Гнатенко Олександр Сергійович"} , { "id":930,"short_name":"Дзюбенко М. І.","full_name":"Дзюбенко Михайло Іванович"} , { "id":7433471,"short_name":"Копоть М. А.","full_name":"Копоть Михайло Андрійович"} , { "id":5028070,"short_name":"Курський Ю. С.","full_name":"Курський Юрій Сергійович"} , { "id":3362177,"short_name":"Кухтін С. М.","full_name":"Кухтін Сергій Михайлович"} , { "id":502,"short_name":"Мачехін Ю. П.","full_name":"Мачехін Юрій Павлович"} , { "id":3629,"short_name":"Одаренко Є. М.","full_name":"Одаренко Євген Миколайович"} , { "id":3453,"short_name":"Тарапов С. І.","full_name":"Тарапов Сергій Іванович"} , { "id":543,"short_name":"Федоренко Є. П.","full_name":"Федоренко Євгенія Петрівна"} , { "id":1110,"short_name":"Черняков Е. І.","full_name":"Черняков Едуард Іванович"} , { "id":857,"short_name":"Чурюмов Г. І.","full_name":"Чурюмов Геннадій Іванович"} ]} ]} , 
        { "id":237,"short_name":"ІК","full_name":"Факультет інфокомунікацій","departments":[ { "id":248,"short_name":"ІКІ","full_name":"Кафедра інфокомунікаційної інженерії","teachers":[ { "id":1725,"short_name":"Агеєв Д. В.","full_name":"Агеєв Дмитро Володимирович"} , { "id":8027615,"short_name":"Акулинічев А. А.","full_name":"Акулинічев Артем Аркадійович"} , { "id":2244981,"short_name":"Волотка В. С.","full_name":"Волотка Вадим Сергійович"} , { "id":1845010,"short_name":"Добринін І. С.","full_name":"Добринін Ігор Станіславович"} , { "id":3692452,"short_name":"Євдокименко М. О.","full_name":"Євдокименко Марина Олександрівна"} , { "id":1560594,"short_name":"Єпішкін С. О.","full_name":"Єпішкін Сергій Олексійович"} , { "id":2877717,"short_name":"Єременко О. С.","full_name":"Єременко Олександра Сергіївна"} , { "id":4174,"short_name":"Журавка А. В.","full_name":"Журавка Андрій Вікторович"} , { "id":848,"short_name":"Кадацька О. Й.","full_name":"Кадацька Ольга Йосипівна"} , { "id":3636,"short_name":"Коваленко Т. М.","full_name":"Коваленко Тетяна Миколаївна"} , { "id":614,"short_name":"Ковальчук В. К.","full_name":"Ковальчук Валентина Констянтинівна"} , { "id":1560590,"short_name":"Коляденко Ю. Ю.","full_name":"Коляденко Юлія Юріївна"} , { "id":5453991,"short_name":"Куля Ю. Е.","full_name":"Куля Юлія Едуардівна"} , { "id":7439667,"short_name":"Лебеденко Т. М.","full_name":"Лебеденко Тетяна Миколаївна"} , { "id":4070,"short_name":"Лемешко О. В.","full_name":"Лемешко Олександр Віталійович"} , { "id":1435867,"short_name":"Лошаков В. А.","full_name":"Лошаков Валерій Андрійович"} , { "id":1811583,"short_name":"Мартинчук О. О.","full_name":"Мартинчук Олександр Олександрович"} , { "id":2870648,"short_name":"Марчук А. В.","full_name":"Марчук Артем Володимирович"} , { "id":587,"short_name":"Марчук В. С.","full_name":"Марчук Володимир Степанович"} , { "id":488,"short_name":"Мельнікова Л. І.","full_name":"Мельнікова Любов Іванівна"} , { "id":6798131,"short_name":"Мерсні А. .","full_name":"Мерсні Амаль "} , { "id":448,"short_name":"Москалець М. В.","full_name":"Москалець Микола Вадимович"} , { "id":7104584,"short_name":"Невзорова О. С.","full_name":"Невзорова О С"} , { "id":4053,"short_name":"Пастушенко М. С.","full_name":"Пастушенко Микола Савелійович"} , { "id":4356800,"short_name":"Поповська К. О.","full_name":"Поповська Катерина Олегівна"} , { "id":2083395,"short_name":"Пшеничних С. В.","full_name":"Пшеничних Сергій Васильович"} , { "id":2103218,"short_name":"Радівілова Т. А.","full_name":"Радівілова Тамара Анатоліївна"} , { "id":519,"short_name":"Сабурова С. О.","full_name":"Сабурова Світлана Олександрівна"} , { "id":2576482,"short_name":"Сацюк В. В.","full_name":"Сацюк Василь Васильович"} , { "id":5942717,"short_name":"Селевко С. М.","full_name":"Селевко Сергій Миколайович"} , { "id":1560591,"short_name":"Снігуров А. В.","full_name":"Снігуров Аркадій Владиславович"} , { "id":1031137,"short_name":"Терещенко І. В.","full_name":"Терещенко Ігор Володимирович"} , { "id":3671,"short_name":"Токар Л. О.","full_name":"Токар Любов Олександрівна"} , { "id":3098426,"short_name":"Філіппенко О. І.","full_name":"Філіппенко Олег Ігоревич"} , { "id":4068,"short_name":"Холод Л. М.","full_name":"Холод Леонід Миколайович"} , { "id":6654389,"short_name":"Холодкова А. В.","full_name":"Холодкова Анна Валеріївна"} , { "id":4693116,"short_name":"Чакрян В. Х.","full_name":"Чакрян Вадим Хазарович"} , { "id":6393364,"short_name":"Шаповалова А. С.","full_name":"Шаповалова Анастасія Сергіївна"} , { "id":1277526,"short_name":"Шостко І. С.","full_name":"Шостко Ігор Світославович"} , { "id":1031132,"short_name":"Штангей С. В.","full_name":"Штангей Світлана Вікторовна"} ]} , { "id":238,"short_name":"ІМІ","full_name":"Кафедра інформаційно-мережної інженерії","teachers":[ { "id":468,"short_name":"Безрук В. М.","full_name":"Безрук Валерій Михайлович"} , { "id":1795,"short_name":"Бибка О. І.","full_name":"Бибка Олександр Іванович"} , { "id":426,"short_name":"Бондар Д. В.","full_name":"Бондар Дмитро Вадимович"} , { "id":4733803,"short_name":"Власова В. О.","full_name":"Власова Вікторія Олександрівна"} , { "id":5542812,"short_name":"Гальченко К. Р.","full_name":"Гальченко Кирило Романович"} , { "id":1137,"short_name":"Ємельянов В. В.","full_name":"Ємельянов Віктор Васильович"} , { "id":1051,"short_name":"Зеленін А. М.","full_name":"Зеленін Анатолій Миколайович"} , { "id":186,"short_name":"Золотарьов В. А.","full_name":"Золотарьов Вадим Анатолійович"} , { "id":4084713,"short_name":"Іваненко О. О.","full_name":"Іваненко Олеся Олегівна"} , { "id":5242775,"short_name":"Іваненко С. А.","full_name":"Іваненко С А"} , { "id":6524013,"short_name":"Калюжний М. М.","full_name":"Калюжний Микола Михайлович"} , { "id":7063731,"short_name":"Кобцева В. М.","full_name":"Кобцева В. М."} , { "id":466,"short_name":"Колтун Ю. М.","full_name":"Колтун Юрій Миколайович"} , { "id":467,"short_name":"Костромицький А. І.","full_name":"Костромицький Андрій Іванович"} , { "id":198,"short_name":"Кривенко С. А.","full_name":"Кривенко Станіслав Анатолійович"} , { "id":3076550,"short_name":"Ляшенко Г. Є.","full_name":"Ляшенко Галина Євгеніївна"} , { "id":809,"short_name":"Малінін О. П.","full_name":"Малінін Олександр Петрович"} , { "id":355,"short_name":"Омельченко А. В.","full_name":"Омельченко Анатолій Васильович"} , { "id":337,"short_name":"Омельченко С. В.","full_name":"Омельченко Сергій Васильович"} , { "id":5829128,"short_name":"Пустовойтов П. Є.","full_name":"Пустовойтов Павел Євгенійович"} , { "id":7434791,"short_name":"Рапін В. В.","full_name":"Рапін Володимир Васильович"} , { "id":4844708,"short_name":"Скорик Ю. В.","full_name":"Скорик Юлія Валеріївна"} , { "id":5942715,"short_name":"Твердохліб В. В.","full_name":"Твердохліб Віталій Вікторович"} , { "id":7240427,"short_name":"Тихонов В. А.","full_name":"Тихонов Вячеслав Анатолійович"} , { "id":5645104,"short_name":"Томак В. В.","full_name":"Томак Віра Вікторівна"} , { "id":1726,"short_name":"Федоров О. В.","full_name":"Федоров Олексій Валерійович"} , { "id":1679732,"short_name":"Харченко Н. А.","full_name":"Харченко Наталія Андріївна"} , { "id":1851722,"short_name":"Чеботарьова Д. В.","full_name":"Чеботарьова Дарія Василівна"} , { "id":10,"short_name":"Ширяєв А. В.","full_name":"Ширяєв Андрій Володимирович"} , { "id":4557047,"short_name":"Штих І. А.","full_name":"Штих Інна Анатоліївна"} ]} , { "id":276,"short_name":"МТЕ","full_name":"Кафедра метрології та технічної експертизи","teachers":[ { "id":2004267,"short_name":"Дегтярьов О. В.","full_name":"Дегтярьов Олександр Валентинович"} , { "id":369,"short_name":"Єгоров А. Б.","full_name":"Єгоров Андрій Борисович"} , { "id":65,"short_name":"Запорожець О. В.","full_name":"Запорожець Олег Васильович"} , { "id":374,"short_name":"Захаров І. П.","full_name":"Захаров Ігор Петрович"} , { "id":2077397,"short_name":"Козлов Ю. В.","full_name":"Козлов Юрій Валентинович"} , { "id":4067,"short_name":"Мощенко І. О.","full_name":"Мощенко Інна Олексіївна"} , { "id":295,"short_name":"Нікітенко О. М.","full_name":"Нікітенко Олександр Миколайович"} , { "id":1032,"short_name":"Павленко Ю. Ф.","full_name":"Павленко Юрій Федорович"} , { "id":389,"short_name":"Семенець В. В.","full_name":"Семенець Валерій Васильович"} , { "id":1031230,"short_name":"Сергієнко М. П.","full_name":"Сергієнко Марина Петрівна"} , { "id":2266,"short_name":"Штефан Н. В.","full_name":"Штефан Наталя Володимирівна"} ]} ]} , { "id":2001,"short_name":"Інші","full_name":"Інші","departments":[ ]}, { "id":152,"short_name":"ІРТЗІ","full_name":"Факультет інформаційних радіотехнологій і технічного захисту інформації","departments":[ { "id":191,"short_name":"ІнМ","full_name":"Кафедра іноземних мов","teachers":[ { "id":5984841,"short_name":"Архипова В. 0.","full_name":"Архипова Вікторія 0лександрівна"} , { "id":7278563,"short_name":"Беркутова Т. І.","full_name":"Беркутова Т І"} , { "id":7833197,"short_name":"Білобородова Л. Д.","full_name":"Білобородова Лариса Дмитрівна"} , { "id":1207,"short_name":"Богдан О. М.","full_name":"Богдан Ольга Миколаївна"} , { "id":568,"short_name":"Буданова І. О.","full_name":"Буданова Ірина Олександрівна"} , { "id":71,"short_name":"Буковська І. Ю.","full_name":"Буковська Інна Юріївна"} , { "id":1740,"short_name":"Валійова Т. Б.","full_name":"Валійова Тетяна Борисівна"} , { "id":3448,"short_name":"Вергун Т. І.","full_name":"Вергун Тетяна Іванівна"} , { "id":7278550,"short_name":"Глубока С. В.","full_name":"Глубока Світлана Володимирівна"} , { "id":7278569,"short_name":"Губарєва О. С.","full_name":"Губарєва Ольга Семенівна"} , { "id":8048898,"short_name":"Д`Яконова Н. В.","full_name":"Д`Яконова Наталія Володимирівна"} , { "id":5986589,"short_name":"Єщенко Ю. Ф.","full_name":"Єщенко Юлія Федорівна"} , { "id":6,"short_name":"Конькова Т. М.","full_name":"Конькова Тетяна Миколаївна"} , { "id":8002732,"short_name":"Кофанова Ю. В.","full_name":"Кофанова Юлія Володимирівна"} , { "id":8002502,"short_name":"Кравченко Н. В.","full_name":"Кравченко Наталя Володимирівна"} , { "id":7278607,"short_name":"Кринська Н. В.","full_name":"Кринська Наталія Володимирівна"} , { "id":6580352,"short_name":"Кузнецова Г. С.","full_name":"Кузнецова Ганна Сергіївна"} , { "id":6916616,"short_name":"Логвінов Є. Я.","full_name":"Логвінов Євген Якович"} , { "id":7278608,"short_name":"Макаров В. Б.","full_name":"Макаров Володимир Борисович"} , { "id":7278611,"short_name":"Малько Н. О.","full_name":"Малько Наталія Олександрівна"} , { "id":8077909,"short_name":"Маркіна О. Ю.","full_name":"Маркіна Ольга Юріївна"} , { "id":7278612,"short_name":"Мельник С. С.","full_name":"Мельник Світлана Семенівна"} , { "id":7278549,"short_name":"Новіков О. В.","full_name":"Новіков Олексій Валентинович"} , { "id":5986816,"short_name":"Парфьонова О. В.","full_name":"Парфьонова Оксана Вадимівна"} , { "id":8002039,"short_name":"Перепелиця К. Ю.","full_name":"Перепелиця Кирило Юрійович"} , 
        { "id":1656,"short_name":"Плотнікова М. А.","full_name":"Плотнікова Марина Анатоліївна"} , { "id":405,"short_name":"П`ятикоп І. Б.","full_name":"П`Ятикоп Ірина Борисівна"} , { "id":7278548,"short_name":"Роздолянська О. Г.","full_name":"Роздолянська Олена Григорівна"} , { "id":5490347,"short_name":"Савченко І. В.","full_name":"Савченко Інна Валентинівна"} , { "id":7833183,"short_name":"Сасник С. М.","full_name":"Сасник Світлана Михайлівна"} , { "id":7833202,"short_name":"Семенець Е. І.","full_name":"Семенець Е І"} , { "id":118,"short_name":"Сергієнко Н. О.","full_name":"Сергієнко Наталя Олегівна"} , { "id":1769508,"short_name":"Середа Г. Ю.","full_name":"Середа Ганна Юріївна"} , { "id":67,"short_name":"Сизонова С. М.","full_name":"Сизонова Світлана Миколаївна"} , { "id":404,"short_name":"Смицька Т. В.","full_name":"Смицька Тетяна Володимирівна"} , { "id":7833201,"short_name":"Сторчак О. Г.","full_name":"Сторчак Олег Григорович"} , { "id":8026891,"short_name":"Стрельцова В. Ю.","full_name":"Стрельцова Вікторія Юріївна"} , { "id":827,"short_name":"Сукнов М. П.","full_name":"Сукнов Михайло Петрович"} , { "id":344,"short_name":"Тер-Ованесьян В. Г.","full_name":"Тер-Ованесьян Віолетта Гарниківна"} , { "id":608,"short_name":"Умяров К. Т.","full_name":"Умяров Каміль Тагірович"} , { "id":175,"short_name":"Чепелєва М. А.","full_name":"Чепелєва Марина Анатоліївна"} , { "id":101,"short_name":"Шалаєва В. В.","full_name":"Шалаєва Вікторія Володимирівна"} ]} , { "id":153,"short_name":"КРіСТЗІ","full_name":"Кафедра комп'ютерної радіоінженерії та систем технічного захисту інформації","teachers":[ { "id":1400065,"short_name":"Антіпов І. Є.","full_name":"Антіпов Іван Євгенійович"} , { "id":552,"short_name":"Бєлявцев В. Б.","full_name":"Бєлявцев Вадим Борисович"} , { "id":3591252,"short_name":"Бондарь Є. Ю.","full_name":"Бондарь Є Ю"} , { "id":2003513,"short_name":"Булага В. А.","full_name":"Булага Вікторія Анатоліївна"} , { "id":91,"short_name":"Воргуль О. В.","full_name":"Воргуль Олександр Васильович"} , { "id":2349,"short_name":"Гавва Д. С.","full_name":"Гавва Дмитро Сергійович"} , { "id":1190,"short_name":"Гладкоскок І. Д.","full_name":"Гладкоскок Іван Данилович"} , { "id":2142,"short_name":"Горелов Д. Ю.","full_name":"Горелов Денис Юрійович"} , { "id":2348,"short_name":"Грецьких Д. В.","full_name":"Грецьких Дмитро Вячеславович"} , { "id":998,"short_name":"Должиков В. В.","full_name":"Должиков Володимир Васильович"} , { "id":7213844,"short_name":"Єрьоміна Н. С.","full_name":"Єрьоміна Н С"} , { "id":1815191,"short_name":"Іванова О. О.","full_name":"Іванова Олена Олександрівна"} , { "id":3631,"short_name":"Ликов Ю. В.","full_name":"Ликов Юрій Володимирович"} , { "id":1685437,"short_name":"Ликова Г. О.","full_name":"Ликова Ганна Олександрівна"} , { "id":297,"short_name":"Лихограй В. Г.","full_name":"Лихограй Василь Григорович"} , { "id":503,"short_name":"Лучанінов А. І.","full_name":"Лучанінов Анатолій Іванович"} , { "id":1692,"short_name":"Майстренко Г. В.","full_name":"Майстренко Галина Валеріївна"} , { "id":4654846,"short_name":"Медведев Є. О.","full_name":"Медведев Євген Олександрович"} , { "id":1653,"short_name":"Милютченко І. О.","full_name":"Милютченко Іван Олександрович"} , { "id":176,"short_name":"Назаренко В. А.","full_name":"Назаренко Володимир Анатолійович"} , { "id":1904887,"short_name":"Огар В. І.","full_name":"Огар Валерій Іванович"} , { "id":1192,"short_name":"Олейніков А. М.","full_name":"Олейніков Анатолій Миколайович"} , { "id":1776,"short_name":"Олейнікова О. І.","full_name":"Олейнікова Олена Іванівна"} , { "id":391,"short_name":"Сакало С. М.","full_name":"Сакало Сергій Миколайович"} , { "id":1774,"short_name":"Стрельницький О. Є.","full_name":"Стрельницький Олександр Євгенійович"} , { "id":1260878,"short_name":"Стрельницький О. О.","full_name":"Стрельницький Олексій Олександрович"} , { "id":1046,"short_name":"Токарський П. Л.","full_name":"Токарський Петро Львович"} , { "id":459,"short_name":"Щербина О. О.","full_name":"Щербина Олександр Олексійович"} ]} , { "id":154,"short_name":"МІРЕС","full_name":"Кафедра медіа інженерії та інформаційних радіоелектронних систем","teachers":[ { "id":5470989,"short_name":"Бобнєв Р. О.","full_name":"Бобнєв Р О"} , { "id":407,"short_name":"Зубков О. В.","full_name":"Зубков Олег Вікторович"} , { "id":222,"short_name":"Карташов В. М.","full_name":"Карташов Володимир Михайлович"} , { "id":1758,"short_name":"Колендовська М. М.","full_name":"Колендовська Марина Мирославівна"} , { "id":548,"short_name":"Коритцев І. В.","full_name":"Коритцев Ігор Васильович"} , { "id":5145656,"short_name":"Леонідов В. І.","full_name":"Леонідов В І"} , { "id":408,"short_name":"Олейніков В. М.","full_name":"Олейніков Володимир Миколайович"} , { "id":348,"short_name":"Посошенко В. О.","full_name":"Посошенко Віталій Олександрович"} , { "id":1665,"short_name":"Савченко І. В.","full_name":"Савченко Ігор Васильович"} , { "id":5945390,"short_name":"Стадник О. М.","full_name":"Стадник Олександр Михайлович"} , { "id":6397911,"short_name":"Стьопіна С. В.","full_name":"Стьопіна С В"} , { "id":2683736,"short_name":"Супрун О. О.","full_name":"Супрун Олександр Олександрович"} , { "id":1153,"short_name":"Тимошенко Л. П.","full_name":"Тимошенко Леонід Петрович"} , { "id":7240427,"short_name":"Тихонов В. А.","full_name":"Тихонов Вячеслав Анатолійович"} , { "id":5453119,"short_name":"Толстих Є. Г.","full_name":"Толстих Єлизавета Геннадіївна"} , { "id":34,"short_name":"Усик В. В.","full_name":"Усик Вікторія Валеріївна"} , { "id":2058,"short_name":"Цехмістро Р. І.","full_name":"Цехмістро Роман Іванович"} , { "id":6398736,"short_name":"Шаповалов С. В.","full_name":"Шаповалов С В"} , { "id":2353,"short_name":"Шейко С. О.","full_name":"Шейко Сергій Олександрович"} ]} , { "id":2003,"short_name":"МТС","full_name":"Кафедра мікропроцесорних технологій і систем","teachers":[ { "id":91,"short_name":"Воргуль О. В.","full_name":"Воргуль Олександр Васильович"} , { "id":407,"short_name":"Зубков О. В.","full_name":"Зубков Олег Вікторович"} , { "id":2995296,"short_name":"Обод І. І.","full_name":"Обод Іван Іванович"} , { "id":2678122,"short_name":"Сайківська Л. Ф.","full_name":"Сайківська Лілія Федорівна"} , { "id":1252,"short_name":"Свид І. В.","full_name":"Свид Ірина Вікторівна"} ]} , { "id":185,"short_name":"РТІКС","full_name":"Кафедра радіотехнологій інформаційно-комунікаційних систем","teachers":[ { "id":226,"short_name":"Алфьоров М. Є.","full_name":"Алфьоров Микола Євгенійович"} , { "id":6069939,"short_name":"Бітченко О. М.","full_name":"Бітченко Олександр Миколайович"} , { "id":3591252,"short_name":"Бондарь Є. Ю.","full_name":"Бондарь Є Ю"} , { "id":8019658,"short_name":"Василенко О. О.","full_name":"Василенко О О"} , { "id":4844658,"short_name":"Ганшин Д. Г.","full_name":"Ганшин Дмитро Геннадійович"} , { "id":7825643,"short_name":"Говтвань Ю. В.","full_name":"Говтвань Ю В"} , { "id":2678101,"short_name":"Дудка О. О.","full_name":"Дудка Олександра Олександрівна"} , { "id":1085,"short_name":"Зарудний О. А.","full_name":"Зарудний Олександр Андрійович"} , { "id":1075,"short_name":"Кузьомін О. Я.","full_name":"Кузьомін Олександр Якович"} , { "id":3674,"short_name":"Машталір С. В.","full_name":"Машталір Сергій Володимирович"} , { "id":6517366,"short_name":"Мерзлікін А. О.","full_name":"Мерзлікін А О"} , { "id":5167816,"short_name":"Руженцев М. В.","full_name":"Руженцев Микола Вікторович"} , { "id":1400066,"short_name":"Цопа О. І.","full_name":"Цопа Олександр Іванович"} , { "id":5945645,"short_name":"Шеховцова В. І.","full_name":"Шеховцова Вікторія Іванівна"} , { "id":4557047,"short_name":"Штих І. А.","full_name":"Штих Інна Анатоліївна"} ]} ]} , { "id":114,"short_name":"КІУ","full_name":"Факультет комп`ютерної інженерії та управління","departments":[ { "id":19,"short_name":"АПОТ","full_name":"Кафедра автоматизації проектування обчислювальної техніки","teachers":[ { "id":5339300,"short_name":"Адамов О. С.","full_name":"Адамов Олександр Семенович"} , { "id":941,"short_name":"Кривуля Г. Ф.","full_name":"Кривуля Геннадій Федорович"} , { "id":63,"short_name":"Кулак Е. М.","full_name":"Кулак Ельвіра Миколаївна"} , { "id":260,"short_name":"Ларченко Л. В.","full_name":"Ларченко Ліна Вікторівна"} , { "id":160,"short_name":"Литвинова Є. І.","full_name":"Литвинова Євгенія Іванівна"} , { "id":3823461,"short_name":"Малькова І. А.","full_name":"Малькова Ірина Анатоліївна"} , { "id":4769727,"short_name":"Мова О. Ю.","full_name":"Мова Олексій Юрійович"} , { "id":2359604,"short_name":"Обрізан В. І.","full_name":"Обрізан Володимир Ігорович"} , { "id":110,"short_name":"Павленко Є. П.","full_name":"Павленко Євген Петрович"} , { "id":7289973,"short_name":"Пахомов Ю. В.","full_name":"Пахомов Юрій Васильович"} , { "id":3095537,"short_name":"Рахліс Д. Ю.","full_name":"Рахліс Дарiя Юхимовна"} , { "id":1679574,"short_name":"Філіппенко І. В.","full_name":"Філіппенко Інна Вікторовна"} , { "id":818,"short_name":"Хаханов В. І.","full_name":"Хаханов Володимир Іванович"} , { "id":2101319,"short_name":"Хаханова Г. В.","full_name":"Хаханова Ганна Володимирівна"} , { "id":1711,"short_name":"Хаханова І. В.","full_name":"Хаханова Ірина Віталіївна"} , { "id":1245,"short_name":"Чумаченко С. В.","full_name":"Чумаченко Світлана Вікторівна"} , { "id":7252108,"short_name":"Шевченко О. Ю.","full_name":"Шевченко О Ю"} , { "id":690,"short_name":"Шкіль О. С.","full_name":"Шкіль Олександр Сергійович"} ]} , { "id":671,"short_name":"БІТ","full_name":"Кафедра безпеки інформаційних технологій","teachers":[ { "id":3606,"short_name":"Балагура Д. С.","full_name":"Балагура Дмитро Сергійович"} , { "id":7082262,"short_name":"Власов А. В.","full_name":"Власов Андрій В"} , { "id":3607,"short_name":"Голобородько Ю. М.","full_name":"Голобородько Юрій Миколайович"} , { "id":755,"short_name":"Горбенко І. Д.","full_name":"Горбенко Іван Дмитрович"} , { "id":1819,"short_name":"Гріненко Т. О.","full_name":"Гріненко Тетяна Олексіївна"} , 
            { "id":8014585,"short_name":"Євгеньєв А. М.","full_name":"Євгеньєв А М"} , { "id":1242,"short_name":"Заболотний В. І.","full_name":"Заболотний Володимир Ілліч"} , { "id":3617407,"short_name":"Іваненко Д. В.","full_name":"Іваненко Дмитро Вікторович"} , { "id":3609,"short_name":"Караваєв В. М.","full_name":"Караваєв Володимир Миколайович"} , { "id":4866352,"short_name":"Колованова Є. П.","full_name":"Колованова Євгенія Петрівна"} , { "id":8014577,"short_name":"Лисечко В. П.","full_name":"Лисечко Володимир Петрович"} , { "id":423,"short_name":"Лисицька І. В.","full_name":"Лисицька Ірина Вікторівна"} , { "id":6400499,"short_name":"Ляшенко О. С.","full_name":"Ляшенко Олексій Сергійович"} , { "id":5623769,"short_name":"Мартовицький В. О.","full_name":"Мартовицький Віталій Олександрович"} , { "id":48,"short_name":"Мельникова О. А.","full_name":"Мельникова Оксана Анатоліївна"} , { "id":6537990,"short_name":"Наконечний М. В.","full_name":"Наконечний Михайло Васильович"} , { "id":4722655,"short_name":"Олешко І. В.","full_name":"Олешко Інна Вікторівна"} , { "id":291,"short_name":"Олійников Р. В.","full_name":"Олійников Роман Васильович"} , { "id":7195614,"short_name":"Петренко О. Є.","full_name":"Петренко Ольга Євгенівна"} , { "id":4759356,"short_name":"Рубан І. В.","full_name":"Рубан Ігор Вікторович"} , { "id":1676,"short_name":"Руженцев В. І.","full_name":"Руженцев Віктор Ігорович"} , { "id":1054680,"short_name":"Сєвєрінов О. В.","full_name":"Сєвєрінов Олександр Васильович"} , { "id":8014579,"short_name":"Скибенко М. С.","full_name":"Скибенко М С"} , { "id":5946431,"short_name":"Федюшин О. І.","full_name":"Федюшин Олекандр Іванович"} , { "id":1235,"short_name":"Халімов Г. З.","full_name":"Халімов Геннадій Зайдулович"} , { "id":8014576,"short_name":"Штомпель М. А.","full_name":"Штомпель Микола Анатолійович"} ]} , { "id":28,"short_name":"ЕОМ","full_name":"Кафедра електронних обчислювальних машин","teachers":[ { "id":1688451,"short_name":"Барковська О. Ю.","full_name":"Барковська Олеся Юріївна"} , { "id":2103199,"short_name":"Безсонов О. О.","full_name":"Безсонов Олександр Олександрович"} , { "id":753,"short_name":"Білетченко Ю. П.","full_name":"Білетченко Юрій Павлович"} , { "id":7463180,"short_name":"Бологова Н. М.","full_name":"Бологова Наталя Миколаївна"} , { "id":1199,"short_name":"Борисенко В. П.","full_name":"Борисенко Віктор Петрович"} , { "id":271,"short_name":"Волк М. О.","full_name":"Волк Максим Олександрович"} , { "id":5966229,"short_name":"Голубничий Д. Ю.","full_name":"Голубничий Дмитро Юрійович"} , { "id":556,"short_name":"Горбачов В. О.","full_name":"Горбачов Валерій Олександрович"} , { "id":761,"short_name":"Гусятін В. М.","full_name":"Гусятін Володимир Михайлович"} , { "id":1975314,"short_name":"Гусятін М. В.","full_name":"Гусятін Максим Володимирович"} , { "id":541,"short_name":"Дзюбенко В. Ф.","full_name":"Дзюбенко Володимир Федорович"} , { "id":6642034,"short_name":"Дух Я. В.","full_name":"Дух Яна Вікторівна"} , { "id":2103201,"short_name":"Дяченко В. О.","full_name":"Дяченко Владислав Олександрович"} , { "id":7213844,"short_name":"Єрьоміна Н. С.","full_name":"Єрьоміна Н С"} , { "id":1096,"short_name":"Завизіступ Ю. Ю.","full_name":"Завизіступ Юрій Юрійович"} , { "id":6525977,"short_name":"Знайдюк В. Г.","full_name":"Знайдюк Василь Григорович"} , { "id":323,"short_name":"Іванісенко І. М.","full_name":"Іванісенко Ігор Миколайович"} , { "id":4353571,"short_name":"Іващенко Г. С.","full_name":"Іващенко Георгій Станіславович"} , { "id":7799485,"short_name":"Ільїна І. В.","full_name":"Ільїна І В"} , { "id":5853680,"short_name":"Каргін А. О.","full_name":"Каргін Анатолій Олексійович"} , { "id":1036089,"short_name":"Коваленко А. А.","full_name":"Коваленко Андрій Анатолійович"} , { "id":5957533,"short_name":"Кучук Г. А.","full_name":"Кучук Георгій Анатолійович"} , { "id":3209337,"short_name":"Лебедєв О. Г.","full_name":"Лебедєв Олег Григорович"} , { "id":8027565,"short_name":"Лукашов С. А.","full_name":"Лукашов С А"} , { "id":6400499,"short_name":"Ляшенко О. С.","full_name":"Ляшенко Олексій Сергійович"} , { "id":1692,"short_name":"Майстренко Г. В.","full_name":"Майстренко Галина Валеріївна"} , { "id":5623769,"short_name":"Мартовицький В. О.","full_name":"Мартовицький Віталій Олександрович"} , { "id":419,"short_name":"Міхаль О. П.","full_name":"Міхаль Олег Пилипович"} , { "id":5541928,"short_name":"Мовсесян Я. С.","full_name":"Мовсесян Яна Самвеловна"} , { "id":3209195,"short_name":"Можаєв О. О.","full_name":"Можаєв О. О."} , { "id":1742,"short_name":"Нікітіна Л. О.","full_name":"Нікітіна Людмила Олексіївна"} , { "id":6917886,"short_name":"Носик А. М.","full_name":"Носик Андрій Михайлович"} , { "id":5966239,"short_name":"Олізаренко С. А.","full_name":"Олізаренко Сергій Анатолійович"} , { "id":3485,"short_name":"Партика С. О.","full_name":"Партика Станіслав Олександрович"} , { "id":4355086,"short_name":"Радченко В. О.","full_name":"Радченко В'Ячеслав Олексійович"} , { "id":8027548,"short_name":"Романенков Ю. О.","full_name":"Романенков Ю О"} , { "id":1527,"short_name":"Росінський Д. М.","full_name":"Росінський Дмитро Миколайович"} , { "id":4759356,"short_name":"Рубан І. В.","full_name":"Рубан Ігор Вікторович"} , { "id":526,"short_name":"Руденко О. Г.","full_name":"Руденко Олег Григорійович"} , { "id":257,"short_name":"Саранча С. М.","full_name":"Саранча Сергій Миколайович"} , { "id":5855813,"short_name":"Свиридов А. С.","full_name":"Свиридов Артем Сергійович"} , { "id":6803319,"short_name":"Севостьянова О. М.","full_name":"Севостьянова Олена Миколаївна"} , { "id":5465798,"short_name":"Смеляков К. С.","full_name":"Смеляков Кирило Сергійович"} , { "id":2332,"short_name":"Смеляков С. В.","full_name":"Смеляков Сергій Вячеславович"} , { "id":4927958,"short_name":"Сорокін А. Р.","full_name":"Сорокін Антон Романович"} , { "id":3781698,"short_name":"Сукесов Е. А.","full_name":"Сукесов Е А"} , { "id":5489298,"short_name":"Сумцов Д. В.","full_name":"Сумцов Д. В."} , { "id":4868405,"short_name":"Ткачов В. М.","full_name":"Ткачов Віталій Миколайович"} , { "id":1052931,"short_name":"Ткачова Т. С.","full_name":"Ткачова Тетяна Сергіївна"} , { "id":311,"short_name":"Токарєв В. В.","full_name":"Токарєв Володимир Володимирович"} , { "id":1201,"short_name":"Торба А. А.","full_name":"Торба Александр Алексійович"} , { "id":7077506,"short_name":"Федорченко В. М.","full_name":"Федорченко Володимир Миколайович"} , { "id":1036103,"short_name":"Філімончук Т. В.","full_name":"Філімончук Тетяна Володимирівна"} , { "id":4056871,"short_name":"Фомічов О. О.","full_name":"Фомічов Олександр Олександрович"} , { "id":6390471,"short_name":"Халімова С. В.","full_name":"Халімова Світлана Володимирівна"} , { "id":47,"short_name":"Цимбал О. М.","full_name":"Цимбал Олександр Михайлович"} , { "id":857,"short_name":"Чурюмов Г. І.","full_name":"Чурюмов Геннадій Іванович"} , { "id":5668361,"short_name":"Шматко О. В.","full_name":"Шматко Олександр Віталійович"} , { "id":81,"short_name":"Янковський О. А.","full_name":"Янковський Олександр Аркадійович"} ]} , { "id":3,"short_name":"КІТС","full_name":"Кафедра комп`ютерних інтелектуальних технологій та систем","teachers":[ { "id":263,"short_name":"Аксак Н. Г.","full_name":"Аксак Наталія Георгіївна"} , { "id":2103199,"short_name":"Безсонов О. О.","full_name":"Безсонов Олександр Олександрович"} , { "id":497,"short_name":"Корабльов М. М.","full_name":"Корабльов Микола Михайлович"} , { "id":1904887,"short_name":"Огар В. І.","full_name":"Огар Валерій Іванович"} , { "id":526,"short_name":"Руденко О. Г.","full_name":"Руденко Олег Григорійович"} , { "id":1031264,"short_name":"Сердюк Н. М.","full_name":"Сердюк Наталія Миколаївна"} ]} , { "id":18,"short_name":"Філософії","full_name":"Кафедра філософії","teachers":[ { "id":700,"short_name":"Бакаленко О. А.","full_name":"Бакаленко Олена Анатоліївна"} , { "id":1230,"short_name":"Горячковська Г. М.","full_name":"Горячковська Ганна Миколаївна"} , { "id":58,"short_name":"Дашенкова Н. М.","full_name":"Дашенкова Наталя Миколаївна"} , { "id":729,"short_name":"Жидкова О. О.","full_name":"Жидкова Оксана Олегівна"} , { "id":50,"short_name":"Комарова Т. Г.","full_name":"Комарова Тетяна Геннадіївна"} , { "id":1458,"short_name":"Кононенко І. Ю.","full_name":"Кононенко Ірина Юріївна"} , { "id":233,"short_name":"Коробкіна Т. В.","full_name":"Коробкіна Тетяна Володимирівна"} , { "id":1741,"short_name":"Мартиненко Н. М.","full_name":"Мартиненко Наталія Миколаївна"} , { "id":272,"short_name":"Митцева О. С.","full_name":"Митцева Ольга Сергіївна"} , { "id":728,"short_name":"Омельченко В. В.","full_name":"Омельченко Вікторія Вікторівна"} , { "id":1668,"short_name":"Покровський А. М.","full_name":"Покровський Анатолій Миколайович"} , { "id":6557368,"short_name":"Россіхін В. В.","full_name":"Россіхін Василь Васильович"} , { "id":273,"short_name":"Старікова Г. Г.","full_name":"Старікова Галина Геньївна"} , { "id":207,"short_name":"Тіхонова Л. А.","full_name":"Тіхонова Лідія Анатоліївна"} , { "id":5221465,"short_name":"Турута О. В.","full_name":"Турута Олена Василивна"} , { "id":7219261,"short_name":"Чепела С. П.","full_name":"Чепела Сергій Павлович"} , { "id":1042,"short_name":"Штанько В. І.","full_name":"Штанько Валентина Ігорівна"} , { "id":4057722,"short_name":"Яковлев А. О.","full_name":"Яковлев Анатолій Опанасович"} ]} ]} , { "id":95,"short_name":"КН","full_name":"Факультет комп`ютерних наук","departments":[ { "id":97,"short_name":"ІУС","full_name":"Кафедра інформаційних управляючих систем","teachers":[ { "id":7825044,"short_name":"Артем`єва О. Ю.","full_name":"Артем`Єва Олена Юріївна"} , { "id":6538005,"short_name":"Білова Т. Г.","full_name":"Білова Тетяна Георгіївна"} , { "id":7067189,"short_name":"Богатов Є. О.","full_name":"Богатов Є. О."} , { "id":381,"short_name":"Борисенко Т. І.","full_name":"Борисенко Тетяна Іванівна"} , { "id":229,"short_name":"Васильцова Н. В.","full_name":"Васильцова Наталія Володимирівна"} , 
                { "id":7082213,"short_name":"Доля О. Є.","full_name":"Доля О Є"} , { "id":17,"short_name":"Євланов М. В.","full_name":"Євланов Максим Вікторович"} , { "id":3605,"short_name":"Кальницька А. Ю.","full_name":"Кальницька Анжеліка Юріївна"} , { "id":7489776,"short_name":"Колісник К. В.","full_name":"Колісник Костянтин Васильович"} , { "id":2035077,"short_name":"Кудрявцева М. С.","full_name":"Кудрявцева Марина Сергіївна"} , { "id":965,"short_name":"Левикін В. М.","full_name":"Левикін Віктор Макарович"} , { "id":3823461,"short_name":"Малькова І. А.","full_name":"Малькова Ірина Анатоліївна"} , { "id":402,"short_name":"Міхнов Д. К.","full_name":"Міхнов Дмитро Кіндратович"} , { "id":152,"short_name":"Міхнова А. В.","full_name":"Міхнова Аліна Володимирівна"} , { "id":128,"short_name":"Панфьорова І. Ю.","full_name":"Панфьорова Ірина Юріївна"} , { "id":343,"short_name":"Саєнко В. І.","full_name":"Саєнко Володимир Іванович"} , { "id":8017588,"short_name":"Севостьянова К. А.","full_name":"Севостьянова Катерина Анатоліївна"} , { "id":1031264,"short_name":"Сердюк Н. М.","full_name":"Сердюк Наталія Миколаївна"} , { "id":7082214,"short_name":"Серіков М. А.","full_name":"Серіков М А"} , { "id":5244263,"short_name":"Чала О. В.","full_name":"Чала Оксана Вікторівна"} , { "id":133,"short_name":"Чалий С. Ф.","full_name":"Чалий Сергій Федорович"} , { "id":7236401,"short_name":"Чиркова К. С.","full_name":"Чиркова Катерина Сергіївна"} , { "id":5945645,"short_name":"Шеховцова В. І.","full_name":"Шеховцова Вікторія Іванівна"} , { "id":5047007,"short_name":"Юр’єв І. О.","full_name":"Юр’Єв І О"} ]} , { "id":356,"short_name":"МСТ","full_name":"Кафедра медіасистеми та технології","teachers":[ { "id":3498771,"short_name":"Бєльчева Г. В.","full_name":"Бєльчева Ганна Володимирівна"} , { "id":2091141,"short_name":"Бізюк А. В.","full_name":"Бізюк Андрій Валерійович"} , { "id":3642,"short_name":"Бокарєва Ю. С.","full_name":"Бокарєва Юлія Сергіївна"} , { "id":1054678,"short_name":"Вовк О. В.","full_name":"Вовк Олександр Володимирович"} , { "id":342,"short_name":"Григор`єв О. В.","full_name":"Григор`Єв Олександр Вікторович"} , { "id":847,"short_name":"Губа М. І.","full_name":"Губа Микола Іванович"} , { "id":1269563,"short_name":"Дейнеко Ж. В.","full_name":"Дейнеко Жанна Валентинівна"} , { "id":4681557,"short_name":"Дорофєєва Ю. С.","full_name":"Дорофєєва Юлія Семенівна"} , { "id":529,"short_name":"Євстратов М. Д.","full_name":"Євстратов Микола Дмитрович"} , { "id":813,"short_name":"Єгорова І. М.","full_name":"Єгорова Ірина Миколаївна"} , { "id":5938280,"short_name":"Зелений О. П.","full_name":"Зелений Олександр Павлович"} , { "id":3480,"short_name":"Колесникова Т. А.","full_name":"Колесникова Тетяна Анатоліївна"} , { "id":1679397,"short_name":"Король А. Л.","full_name":"Король Андрій Леонідович"} , { "id":88,"short_name":"Кулішова Н. Є.","full_name":"Кулішова Нонна Євгенівна"} , { "id":1031403,"short_name":"Левикін І. В.","full_name":"Левикін Ігор Вікторович"} , { "id":1193,"short_name":"Ліхачов С. О.","full_name":"Ліхачов Сергій Олександрович"} , { "id":852,"short_name":"Манаков В. П.","full_name":"Манаков Володимир Павлович"} , { "id":4903957,"short_name":"Парамонов А. К.","full_name":"Парамонов Антон Костянтинович"} , { "id":3936451,"short_name":"Табакова І. С.","full_name":"Табакова Ірина Станіславівна"} , { "id":546,"short_name":"Ткаченко В. П.","full_name":"Ткаченко Володимир Пилипович"} , { "id":1650,"short_name":"Чеботарьова І. Б.","full_name":"Чеботарьова Ірина Борисівна"} , { "id":209,"short_name":"Челомбітько В. Ф.","full_name":"Челомбітько Віктор Федорович"} , { "id":1435379,"short_name":"Яценко Л. О.","full_name":"Яценко Лариса Олександрівна"} ]} , { "id":118,"short_name":"ПІ","full_name":"Кафедра програмної інженерії","teachers":[ { "id":7839974,"short_name":"Агекян І. А.","full_name":"Агекян Ірина Андріївна"} , { "id":4072424,"short_name":"Афанасьєва І. В.","full_name":"Афанасьєва Ірина Віталіївна"} , { "id":5712051,"short_name":"Бабій А. С.","full_name":"Бабій Андрій Степанович"} , { "id":86,"short_name":"Білоус Н. В.","full_name":"Білоус Наталія Валентинівна"} , { "id":1189,"short_name":"Бондарєв В. М.","full_name":"Бондарєв Володимир Михайлович"} , { "id":717,"short_name":"Валенда Н. А.","full_name":"Валенда Наталя Анатоліївна"} , { "id":310,"short_name":"Вечур О. В.","full_name":"Вечур Олександр Володимирович"} , { "id":5306219,"short_name":"Власенко Л. А.","full_name":"Власенко Лариса Андріївна"} , { "id":1664,"short_name":"Ворочек О. Г.","full_name":"Ворочек Ольга Григорівна"} , { "id":2908,"short_name":"Голян В. В.","full_name":"Голян Вiра Володимирiвна"} , { "id":3204550,"short_name":"Голян Н. В.","full_name":"Голян Наталія Вікторівна"} , { "id":5038671,"short_name":"Груздо І. В.","full_name":"Груздо Ірина Володимірівна"} , { "id":7838716,"short_name":"Данієль Я. Д.","full_name":"Данієль Яна Дмитрівна"} , { "id":1269563,"short_name":"Дейнеко Ж. В.","full_name":"Дейнеко Жанна Валентинівна"} , { "id":372,"short_name":"Дудар З. В.","full_name":"Дудар Зоя Володимирівна"} , { "id":106,"short_name":"Єрохін А. Л.","full_name":"Єрохін Андрій Леонідович"} , { "id":5821098,"short_name":"Зибіна К. В.","full_name":"Зибіна Катерина Вікторівна"} , { "id":84,"short_name":"Каук В. І.","full_name":"Каук Віктор Іванович"} , { "id":1055,"short_name":"Качко О. Г.","full_name":"Качко Олена Григорівна"} , { "id":5966125,"short_name":"Кириченко І. В.","full_name":"Кириченко Ірина Віталіївна"} , { "id":1703,"short_name":"Кирій В. В.","full_name":"Кирій Валентина Василівна"} , { "id":5937707,"short_name":"Кобзєв В. Г.","full_name":"Кобзєв Володимир Григорович"} , { "id":5942911,"short_name":"Козел Н. Б.","full_name":"Козел Наталя Борисівна"} , { "id":313,"short_name":"Колесников Д. О.","full_name":"Колесников Дмитро Олегович"} , { "id":7063375,"short_name":"Кравець Н. С.","full_name":"Кравець Наталя Сергіївна"} , { "id":2204933,"short_name":"Куцевич І. В.","full_name":"Куцевич Ірина Віталіївна"} , { "id":1269577,"short_name":"Лановий О. Ф.","full_name":"Лановий Олексій Феликсович"} , { "id":1052933,"short_name":"Лещинська І. О.","full_name":"Лещинська Ірина Олександрівна"} , { "id":3296,"short_name":"Лещинський В. О.","full_name":"Лещинський Володимир Олександрович"} , { "id":1754070,"short_name":"Ляпота В. М.","full_name":"Ляпота Віталій Миколайович"} , { "id":1684561,"short_name":"Мазурова О. О.","full_name":"Мазурова Оксана Олексіївна"} , { "id":6437405,"short_name":"Мар`їн С. О.","full_name":"Мар`Їн Сергій Олександрович"} , { "id":7062543,"short_name":"Матвєєв Д. І.","full_name":"Матвєєв Дмитро Ігорович"} , { "id":1729,"short_name":"Машталір В. П.","full_name":"Машталір Володимир Петрович"} , { "id":9,"short_name":"Мельнікова Р. В.","full_name":"Мельнікова Роксана Валеріївна"} , { "id":6054944,"short_name":"Назаров О. С.","full_name":"Назаров Олексій Сергійович"} , { "id":2145721,"short_name":"Новіков Ю. С.","full_name":"Новіков Юрій Сергійович"} , { "id":6393362,"short_name":"Олійник О. В.","full_name":"Олійник Олена Володимирівна"} , { "id":7433481,"short_name":"Онищенко К. Г.","full_name":"Онищенко Костянтин Георгійович"} , { "id":5013663,"short_name":"Осика О. Ф.","full_name":"Осика Олександр Федорович"} , { "id":6523162,"short_name":"Побіженко І. О.","full_name":"Побіженко Ірина Олександрівна"} , { "id":5028589,"short_name":"Работягов А. В.","full_name":"Работягов Андрій Валентинович"} , { "id":326,"short_name":"Ревенчук І. А.","full_name":"Ревенчук Ілона Анатоліївна"} , { "id":3590661,"short_name":"Русакова Н. Є.","full_name":"Русакова Наталія Євгенівна"} , { "id":1133,"short_name":"Руткас А. Г.","full_name":"Руткас Анатолій Георгійович"} , { "id":1073,"short_name":"Самофалов Л. Д.","full_name":"Самофалов Леонід Дмитрович"} , { "id":3099669,"short_name":"Сковороднікова В. В.","full_name":"Сковороднікова Вікторія Валеріївна"} , { "id":8013188,"short_name":"Славгородський В. Ю.","full_name":"Славгородський Владислав Юрійович"} , { "id":5465798,"short_name":"Смеляков К. С.","full_name":"Смеляков Кирило Сергійович"} , { "id":5304811,"short_name":"Сокорчук І. П.","full_name":"Сокорчук Ігор Петрович"} , { "id":4077928,"short_name":"Турута О. П.","full_name":"Турута Олексій Петрович"} , { "id":5453935,"short_name":"Функендорф А. О.","full_name":"Функендорф Анастасія Олександрівна"} , { "id":1732,"short_name":"Черепанова Ю. Ю.","full_name":"Черепанова Юлія Юріївна"} , { "id":835,"short_name":"Четвериков Г. Г.","full_name":"Четвериков Григорій Григорович"} , { "id":3932260,"short_name":"Чуприна А. С.","full_name":"Чуприна Анастасія Сергіївна"} , { "id":2019,"short_name":"Шевченко О. Л.","full_name":"Шевченко Олена Леонідівна"} , { "id":4,"short_name":"Широкопетлєва М. С.","full_name":"Широкопетлєва Марія Сергіївна"} , { "id":172,"short_name":"Шубін І. Ю.","full_name":"Шубін Ігор Юрійович"} ]} , { "id":136,"short_name":"СТ","full_name":"Кафедра системотехніки","teachers":[ { "id":6344800,"short_name":"Аврамов К. В.","full_name":"Аврамов Костянтин Віталійович"} , { "id":245,"short_name":"Безкоровайний В. В.","full_name":"Безкоровайний Володимир Валентинович"} , { "id":412,"short_name":"Безугла Г. Є.","full_name":"Безугла Ганна Євгенівна"} , { "id":8018229,"short_name":"Булах В. А.","full_name":"Булах В А"} , { "id":387,"short_name":"Вишняк М. Ю.","full_name":"Вишняк Михайло Юрійович"} , { "id":93,"short_name":"Гребеннік І. В.","full_name":"Гребеннік Ігор Валерійович"} , { "id":4053862,"short_name":"Губаренко Є. В.","full_name":"Губаренко Євген Віталійович"} , { "id":7104838,"short_name":"Драз О. М.","full_name":"Драз Оксана Михайлівна"} , { "id":5567855,"short_name":"Жернова П. Є.","full_name":"Жернова Поліна Євгеніївна"} , { "id":181,"short_name":"Іванов В. Г.","full_name":"Іванов Валерій Геннадійович"} , { "id":305,"short_name":"Імангулова З. А.","full_name":"Імангулова Зульфія Аліївна"} , { "id":7825491,"short_name":"Калайда Н. С.","full_name":"Калайда Н С"} , 
                    { "id":289,"short_name":"Калита Н. І.","full_name":"Калита Надія Іванівна"} , { "id":6345418,"short_name":"Климова І. М.","full_name":"Климова Ірина Миколаївна"} , { "id":5863608,"short_name":"Коваленко А. І.","full_name":"Коваленко Андрій Іванович"} , { "id":617,"short_name":"Колесник Б. О.","full_name":"Колесник Броніслав Олексійович"} , { "id":2273,"short_name":"Колесник Л. В.","full_name":"Колесник Людмила Володимирівна"} , { "id":6344799,"short_name":"Мінухін С. В.","full_name":"Мінухін Сергій Володимирович"} , { "id":2287,"short_name":"Міщеряков Ю. В.","full_name":"Міщеряков Юрій Валентинович"} , { "id":6344857,"short_name":"Морозова А. І.","full_name":"Морозова А. І."} , { "id":3198686,"short_name":"Нечипоренко А. С.","full_name":"Нечипоренко Аліна Сергіївна"} , { "id":5318941,"short_name":"Панкратов О. В.","full_name":"Панкратов Олександр Вікторович"} , { "id":6345773,"short_name":"Панкратова Ю. Є.","full_name":"Панкратова Юлія Євгеніївна"} , { "id":2613,"short_name":"Петрова Р. В.","full_name":"Петрова Роксана Вадимівна"} , { "id":6385508,"short_name":"Пономарьова С. В.","full_name":"Пономарьова Світлана Владиславівна"} , { "id":204,"short_name":"Ребезюк Л. М.","full_name":"Ребезюк Леонід Миколайович"} , { "id":5863603,"short_name":"Решетнік В. М.","full_name":"Решетнік Віктор Михайлович"} , { "id":1218,"short_name":"Романова Т. Є.","full_name":"Романова Тетяна Євгенівна"} , { "id":7825486,"short_name":"Рябченко І. М.","full_name":"Рябченко І М"} , { "id":420,"short_name":"Ситніков Д. Е.","full_name":"Ситніков Дмитро Едуардович"} , { "id":7231374,"short_name":"Ситнікова П. Е.","full_name":"Ситнікова Поліна Едуардівна"} , { "id":5470548,"short_name":"Тітов С. В.","full_name":"Тітов Сергій Володимирович"} , { "id":5221906,"short_name":"Урняєва І. А.","full_name":"Урняєва Інна Анатоліївна"} , { "id":1676770,"short_name":"Хряпкін О. В.","full_name":"Хряпкін Олександр Володимирович"} , { "id":853,"short_name":"Чайніков С. І.","full_name":"Чайніков Сергій Іванович"} , { "id":7825624,"short_name":"Чугай А. М.","full_name":"Чугай А М"} , { "id":5863607,"short_name":"Шеховцов С. Б.","full_name":"Шеховцов Сергій Борисович"} ]} , { "id":669,"short_name":"ШI","full_name":"Кафедра штучного інтелекту","teachers":[ { "id":8012924,"short_name":"Безкровна І. І.","full_name":"Безкровна Ірина І"} , { "id":7089721,"short_name":"Бібічков І. Є.","full_name":"Бібічков І Є"} , { "id":494,"short_name":"Бодянський Є. В.","full_name":"Бодянський Євгеній Володимирович"} , { "id":1220,"short_name":"Вітько О. В.","full_name":"Вітько Олександра Валеріївна"} , { "id":3196777,"short_name":"Волощук О. Б.","full_name":"Волощук Олена Борисівна"} , { "id":44,"short_name":"Гребенюк В. О.","full_name":"Гребенюк В'Ячеслав Олександрович"} , { "id":4547693,"short_name":"Гриньова О. Є.","full_name":"Гриньова Олена Євгенівна"} , { "id":278,"short_name":"Гришко С. В.","full_name":"Гришко Світлана Валеріївна"} , { "id":115,"short_name":"Губін В. О.","full_name":"Губін Вадим Олександрович"} , { "id":5335711,"short_name":"Дейнеко А. О.","full_name":"Дейнеко Анастасія Олександрівна"} , { "id":4357892,"short_name":"Золотухін О. В.","full_name":"Золотухін Олег Вікторович"} , { "id":88,"short_name":"Кулішова Н. Є.","full_name":"Кулішова Нонна Євгенівна"} , { "id":5832323,"short_name":"Магдаліна І. В.","full_name":"Магдаліна Ігор Валерійович"} , { "id":7089722,"short_name":"Малеєва І. А.","full_name":"Малеєва І А"} , { "id":110,"short_name":"Павленко Є. П.","full_name":"Павленко Євген Петрович"} , { "id":5932209,"short_name":"Петров К. Е.","full_name":"Петров Костянтин Едуардович"} , { "id":850,"short_name":"Рябова Н. В.","full_name":"Рябова Наталія Володимирівна"} , { "id":7237719,"short_name":"Стьопін О. С.","full_name":"Стьопін Олександр Сергійович"} , { "id":208,"short_name":"Терзіян В. Я.","full_name":"Терзіян Ваган Якович"} , { "id":5831125,"short_name":"Узлов Д. Ю.","full_name":"Узлов Дмитро Юрійович"} , { "id":396,"short_name":"Філатов В. О.","full_name":"Філатов Валентин Олександрович"} , { "id":1052986,"short_name":"Чала Л. Е.","full_name":"Чала Лариса Ернестівна"} , { "id":1683,"short_name":"Шевченко О. Ю.","full_name":"Шевченко Олександр Юрійович"} , { "id":694,"short_name":"Шергін В. Л.","full_name":"Шергін Вадим Леонідович"} ]} ]} , { "id":6,"short_name":"ФНІГ","full_name":"Факультет навчання іноземних громадян","departments":[ { "id":7,"short_name":"МП","full_name":"Кафедра мовної підготовки","teachers":[ { "id":1212,"short_name":"Дементьєва Т. І.","full_name":"Дементьєва Тетяна Іванівна"} , { "id":7,"short_name":"Демченко В. А.","full_name":"Демченко Вікторія Анатоліївна"} , { "id":87,"short_name":"Деркач Г. О.","full_name":"Деркач Галина Олександрівна"} , { "id":5976701,"short_name":"Золотухіна Н. А.","full_name":"Золотухіна Надія Анатоліївна"} , { "id":89,"short_name":"Мірошниченко Л. І.","full_name":"Мірошниченко Лариса Іванівна"} , { "id":5654750,"short_name":"Носатова В. М.","full_name":"Носатова Віталія Миколаївна"} , { "id":5692220,"short_name":"Носирєва О. В.","full_name":"Носирєва Олена Валеріївна"} , { "id":163,"short_name":"Пахалкова-Соіч Т. В.","full_name":"Пахалкова-Соіч Тетяна Володимирівна"} , { "id":114,"short_name":"Пономаренко Л. В.","full_name":"Пономаренко Людмила Володимирівна"} , { "id":5654700,"short_name":"Сидорова Т. Д.","full_name":"Сидорова Тамара Дмитріївна"} , { "id":5654763,"short_name":"Ткач О. Є.","full_name":"Ткач Олена Євгенівна"} , { "id":26,"short_name":"Явтушенко В. М.","full_name":"Явтушенко Василь Миколайович"} ]} , { "id":455,"short_name":"ПрН","full_name":"Кафедра природознавчих наук","teachers":[ { "id":371,"short_name":"Баркова І. М.","full_name":"Баркова Ірина Миколаївна"} , { "id":1256352,"short_name":"Бібліотека І. П.","full_name":"Бібліотека І. П."} , { "id":8001292,"short_name":"Бібліотека О. О.","full_name":"Бібліотека О. О."} , { "id":6600829,"short_name":"Горелов Ю. П.","full_name":"Горелов Юрій Петрович"} , { "id":6897287,"short_name":"Горохова І. М.","full_name":"Горохова Інна Миколаївна"} , { "id":2370585,"short_name":"Кобзев І. В.","full_name":"Кобзев Ігор Володимирович"} , { "id":6601590,"short_name":"Козуб П. А.","full_name":"Козуб Павло Анатолійович"} , { "id":73,"short_name":"Лук`янова В. А.","full_name":"Лук`Янова Вікторія Анатоліївна"} , { "id":6223853,"short_name":"Мартинюк М. М.","full_name":"Мартинюк Микола Михайлович"} , { "id":1214,"short_name":"Морозова Л. Ю.","full_name":"Морозова Лана Юріївна"} , { "id":4289513,"short_name":"Мурадова В. Х.","full_name":"Мурадова Вюсаля Худашірін Кизи"} , { "id":2354,"short_name":"Омаров М. А.","full_name":"Омаров Мурад Анвер Огли"} , { "id":169,"short_name":"Павлов П. Ф.","full_name":"Павлов Павло Федорович"} , { "id":573,"short_name":"Сергієнко Т. М.","full_name":"Сергієнко Тетяна Миколаївна"} , { "id":5654768,"short_name":"Смірнова Т. О.","full_name":"Смірнова Тетяна Олександрівна"} , { "id":5654769,"short_name":"Тиха Т. В.","full_name":"Тиха Тетяна Вікторівна"} , { "id":5654765,"short_name":"Троїцька В. В.","full_name":"Троїцька Вікторія Василівна"} ]} , { "id":96,"short_name":"Укр","full_name":"Кафедра українознавства","teachers":[ { "id":3672,"short_name":"Бадєєва Л. І.","full_name":"Бадєєва Людмила Івнівна"} , { "id":1684,"short_name":"Гарбар М. А.","full_name":"Гарбар Марина Артурівна"} , { "id":3156045,"short_name":"Євсюкова О. Г.","full_name":"Євсюкова Онісія Геннадіівна"} , { "id":4552501,"short_name":"Коваленко Е. А.","full_name":"Коваленко Едуард Анатолійович"} , { "id":3931328,"short_name":"Сергієва А. В.","full_name":"Сергієва А В"} , { "id":1031234,"short_name":"Циганенко В. Л.","full_name":"Циганенко Вікторія Леонідівна"} , { "id":26,"short_name":"Явтушенко В. М.","full_name":"Явтушенко Василь Миколайович"} ]} ]} , { "id":128,"short_name":"ЦНСІМ","full_name":"Центр навчання студентів іноземою мовою","departments":[ { "id":2000,"short_name":"ЦНСІМ","full_name":"Центр навчання студентів іноземою мовою","teachers":[ { "id":5339300,"short_name":"Адамов О. С.","full_name":"Адамов Олександр Семенович"} , { "id":7605119,"short_name":"Бабкова Н. В.","full_name":"Бабкова Н В"} , { "id":1688451,"short_name":"Барковська О. Ю.","full_name":"Барковська Олеся Юріївна"} , { "id":86,"short_name":"Білоус Н. В.","full_name":"Білоус Наталія Валентинівна"} , { "id":3684,"short_name":"Верясова Г. М.","full_name":"Верясова Ганна Миколаївна"} , { "id":271,"short_name":"Волк М. О.","full_name":"Волк Максим Олександрович"} , { "id":7585940,"short_name":"Гвоздев М. І.","full_name":"Гвоздев М І"} , { "id":556,"short_name":"Горбачов В. О.","full_name":"Горбачов Валерій Олександрович"} , { "id":93,"short_name":"Гребеннік І. В.","full_name":"Гребеннік Ігор Валерійович"} , { "id":1212,"short_name":"Дементьєва Т. І.","full_name":"Дементьєва Тетяна Іванівна"} , { "id":7,"short_name":"Демченко В. А.","full_name":"Демченко Вікторія Анатоліївна"} , { "id":3093981,"short_name":"Добровольська О. В.","full_name":"Добровольська Олена Віталіївна"} , { "id":393,"short_name":"Дорошенко В. О.","full_name":"Дорошенко Володимир Олексійович"} , { "id":1989548,"short_name":"Жолудов Ю. Т.","full_name":"Жолудов Юрій Тімофійович"} , { "id":4174,"short_name":"Журавка А. В.","full_name":"Журавка Андрій Вікторович"} , { "id":323,"short_name":"Іванісенко І. М.","full_name":"Іванісенко Ігор Миколайович"} , { "id":373,"short_name":"Ігуменцева Н. В.","full_name":"Ігуменцева Наталія Володимирівна"} , { "id":1036089,"short_name":"Коваленко А. А.","full_name":"Коваленко Андрій Анатолійович"} , { "id":331,"short_name":"Козіна О. А.","full_name":"Козіна Ольга Андріївна"} , { "id":4013190,"short_name":"Колісник О. В.","full_name":"Колісник Ольга Володимирівна"} , { "id":548,"short_name":"Коритцев І. В.","full_name":"Коритцев Ігор Васильович"} , { "id":941,"short_name":"Кривуля Г. Ф.","full_name":"Кривуля Генадій Федорович"} , { "id":296,"short_name":"Лепейко Т. І.","full_name":"Лепейко Тетяна Івановна"} , 
                        { "id":160,"short_name":"Литвинова Е. І.","full_name":"Литвинова Евгенія Іванівна"} , { "id":9,"short_name":"Мельнікова Р. В.","full_name":"Мельнікова Роксана Валеріівна"} , { "id":419,"short_name":"Міхаль О. П.","full_name":"Міхаль Олег Пилипович"} , { "id":1715,"short_name":"Наумейко І. В.","full_name":"Наумейко Ігор Володимирович"} , { "id":1742,"short_name":"Нікітіна Л. О.","full_name":"Нікітіна Людмила Олексіівна"} , { "id":4544044,"short_name":"Пономарьов С. В.","full_name":"Пономарьов Станіслав Вадимович"} , { "id":1658,"short_name":"Пуди А. Ю.","full_name":"Пуди Анатолій Юхимович"} , { "id":3095537,"short_name":"Рахліс Д. Ю.","full_name":"Рахліс Дарія Юхимівна"} , { "id":1527,"short_name":"Росінський Д. М.","full_name":"Росінський Дмитро Миколайович"} , { "id":343,"short_name":"Саєнко В. І.","full_name":"Саєнко Володимир Іванович"} , { "id":2667816,"short_name":"Сакало Є. С.","full_name":"Сакало Євген Сергійович"} , { "id":257,"short_name":"Саранча С. М.","full_name":"Саранча Сергій Миколайович"} , { "id":4927958,"short_name":"Сорокін А. Р.","full_name":"Сорокін Антон Романович"} , { "id":3781698,"short_name":"Сукесов Е. А.","full_name":"Сукесов Е А"} , { "id":1052931,"short_name":"Ткачова Т. С.","full_name":"Ткачова Тетяна Сергіївна"} , { "id":1204,"short_name":"Умяров Р. Я.","full_name":"Умяров Равіл Якович"} , { "id":47,"short_name":"Цимбал О. М.","full_name":"Цимбал Олександр Михайлович"} , { "id":535,"short_name":"Чурілов О. І.","full_name":"Чурілов Олександр Іванович"} , { "id":2019,"short_name":"Шевченко О. Л.","full_name":"Шевченко Олена Леонідівна"} , { "id":301,"short_name":"Шейко І. А.","full_name":"Шейко Ірина Анатоліївна"}]}]}]} }