[
    {
        "theme": "ВМ Пз 325і МТІОЛС-19-1",
        "start_date": "11/11/2019",
        "start_time": "09:30:00",
        "end_date": "11.11.2019",
        "end_time": "11:05:00",
        "date": "11/11/2019 09:30:00",
        "para": 2,
        "group": [
            {
                "group_id": 7706457,
                "group_name": "МТІОЛС-19-1"
            }
        ],
        "subject": "ВМ",
        "kind": "Пз",
        "cabinet": "325і"
    },
    {
        "theme": "ВМ Пз 605і ТРІМІу-19-1",
        "start_date": "11/11/2019",
        "start_time": "11:15:00",
        "end_date": "11.11.2019",
        "end_time": "12:50:00",
        "date": "11/11/2019 11:15:00",
        "para": 3,
        "group": [
            {
                "group_id": 7706519,
                "group_name": "ТРІМІу-19-1"
            }
        ],
        "subject": "ВМ",
        "kind": "Пз",
        "cabinet": "605і"
    },
    {
        "theme": "ВМ Пз 312і КІУКІ-19-3",
        "start_date": "11/11/2019",
        "start_time": "13:10:00",
        "end_date": "11.11.2019",
        "end_time": "14:45:00",
        "date": "11/11/2019 13:10:00",
        "para": 4,
        "group": [
            {
                "group_id": 7706523,
                "group_name": "КІУКІ-19-3"
            }
        ],
        "subject": "ВМ",
        "kind": "Пз",
        "cabinet": "312і"
    },
    {
        "theme": "ВМ Пз 312і КІУКІ-19-4",
        "start_date": "11/11/2019",
        "start_time": "14:55:00",
        "end_date": "11.11.2019",
        "end_time": "16:30:00",
        "date": "11/11/2019 14:55:00",
        "para": 5,
        "group": [
            {
                "group_id": 7706399,
                "group_name": "КІУКІ-19-4"
            }
        ],
        "subject": "ВМ",
        "kind": "Пз",
        "cabinet": "312і"
    },
    {
        "theme": "ВМ Пз 317і МТІОЛС-19-1",
        "start_date": "11/18/2019",
        "start_time": "09:30:00",
        "end_date": "18.11.2019",
        "end_time": "11:05:00",
        "date": "11/18/2019 09:30:00",
        "para": 2,
        "group": [
            {
                "group_id": 7706457,
                "group_name": "МТІОЛС-19-1"
            }
        ],
        "subject": "ВМ",
        "kind": "Пз",
        "cabinet": "317і"
    },
    {
        "theme": "ВМ Пз 605і ТРІМІу-19-1",
        "start_date": "11/18/2019",
        "start_time": "11:15:00",
        "end_date": "18.11.2019",
        "end_time": "12:50:00",
        "date": "11/18/2019 11:15:00",
        "para": 3,
        "group": [
            {
                "group_id": 7706519,
                "group_name": "ТРІМІу-19-1"
            }
        ],
        "subject": "ВМ",
        "kind": "Пз",
        "cabinet": "605і"
    },
    {
        "theme": "ВМ Пз 312і КІУКІ-19-3",
        "start_date": "11/18/2019",
        "start_time": "13:10:00",
        "end_date": "18.11.2019",
        "end_time": "14:45:00",
        "date": "11/18/2019 13:10:00",
        "para": 4,
        "group": [
            {
                "group_id": 7706523,
                "group_name": "КІУКІ-19-3"
            }
        ],
        "subject": "ВМ",
        "kind": "Пз",
        "cabinet": "312і"
    },
    {
        "theme": "ВМ Пз 325і МТІОЛС-19-1",
        "start_date": "11/25/2019",
        "start_time": "09:30:00",
        "end_date": "25.11.2019",
        "end_time": "11:05:00",
        "date": "11/25/2019 09:30:00",
        "para": 2,
        "group": [
            {
                "group_id": 7706457,
                "group_name": "МТІОЛС-19-1"
            }
        ],
        "subject": "ВМ",
        "kind": "Пз",
        "cabinet": "325і"
    },
    {
        "theme": "ВМ Пз 605і ТРІМІу-19-1",
        "start_date": "11/25/2019",
        "start_time": "11:15:00",
        "end_date": "25.11.2019",
        "end_time": "12:50:00",
        "date": "11/25/2019 11:15:00",
        "para": 3,
        "group": [
            {
                "group_id": 7706519,
                "group_name": "ТРІМІу-19-1"
            }
        ],
        "subject": "ВМ",
        "kind": "Пз",
        "cabinet": "605і"
    },
    {
        "theme": "ВМ Пз 312і КІУКІ-19-3",
        "start_date": "11/25/2019",
        "start_time": "13:10:00",
        "end_date": "25.11.2019",
        "end_time": "14:45:00",
        "date": "11/25/2019 13:10:00",
        "para": 4,
        "group": [
            {
                "group_id": 7706523,
                "group_name": "КІУКІ-19-3"
            }
        ],
        "subject": "ВМ",
        "kind": "Пз",
        "cabinet": "312і"
    },
    {
        "theme": "ВМ Пз 605і ТРІМІу-19-1",
        "start_date": "12/02/2019",
        "start_time": "11:15:00",
        "end_date": "02.12.2019",
        "end_time": "12:50:00",
        "date": "12/02/2019 11:15:00",
        "para": 3,
        "group": [
            {
                "group_id": 7706519,
                "group_name": "ТРІМІу-19-1"
            }
        ],
        "subject": "ВМ",
        "kind": "Пз",
        "cabinet": "605і"
    },
    {
        "theme": "ВМ Пз 312і КІУКІ-19-3",
        "start_date": "12/02/2019",
        "start_time": "13:10:00",
        "end_date": "02.12.2019",
        "end_time": "14:45:00",
        "date": "12/02/2019 13:10:00",
        "para": 4,
        "group": [
            {
                "group_id": 7706523,
                "group_name": "КІУКІ-19-3"
            }
        ],
        "subject": "ВМ",
        "kind": "Пз",
        "cabinet": "312і"
    },
    {
        "theme": "ВМ Пз 325і МТІОЛС-19-1",
        "start_date": "12/09/2019",
        "start_time": "09:30:00",
        "end_date": "09.12.2019",
        "end_time": "11:05:00",
        "date": "12/09/2019 09:30:00",
        "para": 2,
        "group": [
            {
                "group_id": 7706457,
                "group_name": "МТІОЛС-19-1"
            }
        ],
        "subject": "ВМ",
        "kind": "Пз",
        "cabinet": "325і"
    },
    {
        "theme": "ВМ Пз 605і ТРІМІу-19-1",
        "start_date": "12/09/2019",
        "start_time": "11:15:00",
        "end_date": "09.12.2019",
        "end_time": "12:50:00",
        "date": "12/09/2019 11:15:00",
        "para": 3,
        "group": [
            {
                "group_id": 7706519,
                "group_name": "ТРІМІу-19-1"
            }
        ],
        "subject": "ВМ",
        "kind": "Пз",
        "cabinet": "605і"
    },
    {
        "theme": "ВМ Пз 312і КІУКІ-19-3",
        "start_date": "12/09/2019",
        "start_time": "13:10:00",
        "end_date": "09.12.2019",
        "end_time": "14:45:00",
        "date": "12/09/2019 13:10:00",
        "para": 4,
        "group": [
            {
                "group_id": 7706523,
                "group_name": "КІУКІ-19-3"
            }
        ],
        "subject": "ВМ",
        "kind": "Пз",
        "cabinet": "312і"
    }
]