{
    "time-zone":"Europe/Kiev",
    "events":[
    { "subject_id":1559595546,"start_time":1570628400,"end_time":1570634100,"type":0,"number_pair":6,"auditory":"36з","teachers":[],"groups":[1755192844]},
    { "subject_id":1559595546,"start_time":1570708500,"end_time":1570714200,"type":0,"number_pair":5,"auditory":"103и","teachers":[],"groups":[1649316166]},
    { "subject_id":1559595546,"start_time":1571140500,"end_time":1571146200,"type":22,"number_pair":5,"auditory":"33з","teachers":[],"groups":[1198642031]},
    { "subject_id":1559595546,"start_time":1571146800,"end_time":1571152500,"type":22,"number_pair":6,"auditory":"33з","teachers":[],"groups":[1198642031]},
    { "subject_id":1559595546,"start_time":1571233200,"end_time":1571238900,"type":0,"number_pair":6,"auditory":"36з","teachers":[],"groups":[1755192844]},
    { "subject_id":1559595546,"start_time":1571313300,"end_time":1571319000,"type":0,"number_pair":5,"auditory":"103и","teachers":[],"groups":[1649316166]},
    { "subject_id":1559595546,"start_time":1571386500,"end_time":1571392200,"type":22,"number_pair":3,"auditory":"33з","teachers":[],"groups":[442452829]},
    { "subject_id":1559595546,"start_time":1571393400,"end_time":1571399100,"type":22,"number_pair":4,"auditory":"33з","teachers":[],"groups":[442452829]},
    { "subject_id":1559595546,"start_time":1571633100,"end_time":1571638800,"type":22,"number_pair":1,"auditory":"33з","teachers":[],"groups":[1200195957]},
    { "subject_id":1559595546,"start_time":1571639400,"end_time":1571645100,"type":22,"number_pair":2,"auditory":"33з","teachers":[],"groups":[1200195957]},
    { "subject_id":1559595546,"start_time":1571658900,"end_time":1571664600,"type":22,"number_pair":5,"auditory":"39з","teachers":[],"groups":[1945678308]},
    { "subject_id":1559595546,"start_time":1571665200,"end_time":1571670900,"type":22,"number_pair":6,"auditory":"39з","teachers":[],"groups":[1945678308]},
    { "subject_id":1559595546,"start_time":1571918100,"end_time":1571923800,"type":0,"number_pair":5,"auditory":"103и","teachers":[],"groups":[1649316166]},
    { "subject_id":1559595546,"start_time":1572241500,"end_time":1572247200,"type":22,"number_pair":1,"auditory":"33з","teachers":[],"groups":[1200195957]},
    { "subject_id":1559595546,"start_time":1572247800,"end_time":1572253500,"type":22,"number_pair":2,"auditory":"33з","teachers":[],"groups":[1200195957]},
    { "subject_id":1559595546,"start_time":1572267300,"end_time":1572273000,"type":22,"number_pair":5,"auditory":"33з","teachers":[],"groups":[949569752]},
    { "subject_id":1559595546,"start_time":1572273600,"end_time":1572279300,"type":22,"number_pair":6,"auditory":"33з","teachers":[],"groups":[949569752]},
    { "subject_id":1559595546,"start_time":1572353700,"end_time":1572359400,"type":22,"number_pair":5,"auditory":"33з","teachers":[],"groups":[1198642031]},
    { "subject_id":1559595546,"start_time":1572360000,"end_time":1572365700,"type":22,"number_pair":6,"auditory":"33з","teachers":[],"groups":[1198642031]},
    { "subject_id":1559595546,"start_time":1572446400,"end_time":1572452100,"type":0,"number_pair":6,"auditory":"36з","teachers":[],"groups":[1755192844]}],
    "groups":[
        {"name":"КІУКІ-16-1","id":5721651},
        {"name":"КІУКІ-16-2","id":5721697},
        {"name":"КІУКІ-16-3","id":5721763},
        {"name":"КІУКІ-16-4","id":5721679},
        {"name":"КІУКІ-16-5","id":5924154},
        {"name":"КІУКІу-17-9","id":6283477},
        {"name":"КІУКІу-17-10","id":6497376},
        {"name":"КІУКІу-18-1;КІУКІу-18-2","id":1755192844},
        {"name":"КІУКІ-17-1,2,3,4,5","id":1649316166},
        {"name":"КІУКІ-17-2","id":1198642031},
        {"name":"КІУКІу-18-2","id":442452829},
        {"name":"КІУКІ-17-5","id":1200195957},
        {"name":"КІУКІ-17-3","id":1945678308},
        {"name":"КІУКІ-17-1","id":949569752}],
    "teachers":[],
    "subjects":[
        {
        "id":1559595546,
        "brief":"ІТех",
        "title":"ІТех",
        "hours":[
                { "type":0,"val":0,"teachers":[]},
                { "type":22,"val":0,"teachers":[]}
                ]
        }],
            "types": [
                {"id":0,"short_name":"Лк","full_name":"Лекція","id_base":0, "type":"lecture"},
                {"id":1,"short_name":"У.Лк (1)","full_name":"Уст. Лекція (1)","id_base":0, "type":"lecture"},
                {"id":2,"short_name":"У.Лк","full_name":"Уст. Лекція","id_base":0, "type":"lecture"},
                {"id":10,"short_name":"Пз","full_name":"Практичне заняття","id_base":10, "type":"practice"},
                {"id":12,"short_name":"У.Пз","full_name":"Уст. Практичне заняття","id_base":10, "type":"practice"},
                {"id":20,"short_name":"Лб","full_name":"Лабораторна робота","id_base":20, "type":"laboratory"},
                {"id":21,"short_name":"Лб","full_name":"Лабораторна ІОЦ","id_base":20, "type":"laboratory"},
                {"id":22,"short_name":"Лб","full_name":"Лабораторна кафедри","id_base":20, "type":"laboratory"},
                {"id":23,"short_name":"У.Лб","full_name":"Уст. Лабораторна ІОЦ","id_base":20, "type":"laboratory"},
                {"id":24,"short_name":"У.Лб","full_name":"Уст. Лабораторна кафедри","id_base":20, "type":"laboratory"},
                {"id":30,"short_name":"Конс","full_name":"Консультація","id_base":30, "type":"consultation"},
                {"id":40,"short_name":"Зал","full_name":"Залік","id_base":40, "type":"test"},
                {"id":41,"short_name":"дзал","full_name":"ЗалікД","id_base":40, "type":"test"},
                {"id":50,"short_name":"Екз","full_name":"Екзамен","id_base":50, "type":"exam"},
                {"id":51,"short_name":"ЕкзП","full_name":"ЕкзаменП","id_base":50, "type":"exam"},
                {"id":52,"short_name":"ЕкзУ","full_name":"ЕкзаменУ","id_base":50, "type":"exam"},
                {"id":53,"short_name":"ІспКомб","full_name":"Іспит комбінований","id_base":50, "type":"exam"},
                {"id":54,"short_name":"ІспТест","full_name":"Іспит тестовий","id_base":50, "type":"exam"},
                {"id":55,"short_name":"мод","full_name":"Модуль","id_base":50, "type":"exam"},
                {"id":60,"short_name":"КП/КР","full_name":"КП/КР","id_base":60, "type":"course_work"}
                ]}